best_imdbId,userId
"[3605164.0, 46268.0, 62824.0, 73195.0, 141369.0, 87197.0, 1186369.0, 828154.0, 210382.0, 250305.0]",1
"[373283.0, 250305.0, 290538.0, 73195.0, 87688.0, 159365.0, 62376.0, 97100.0, 151137.0, 3605164.0]",2
"[3605164.0, 373283.0, 210616.0, 46268.0, 416508.0, 227005.0, 828154.0, 105128.0, 159365.0, 1655460.0]",3
"[91344.0, 114663.0, 28315.0, 87197.0, 383010.0, 3605164.0, 90022.0, 82288.0, 120780.0, 9018.0]",4
"[416508.0, 1758795.0, 120710.0, 101523.0, 91344.0, 207805.0, 265666.0, 1164999.0, 354575.0, 100200.0]",5
"[475984.0, 265666.0, 62376.0, 796307.0, 179098.0, 28315.0, 1139797.0, 101523.0, 54866.0, 120710.0]",6
"[250305.0, 290538.0, 70608.0, 3605164.0, 159365.0, 251114.0, 86190.0, 62824.0, 828154.0, 848228.0]",7
"[1001526.0, 265666.0, 80907.0, 373283.0, 68817.0, 475984.0, 97100.0, 1748227.0, 42832.0, 383010.0]",8
"[3605164.0, 246645.0, 120710.0, 828154.0, 62376.0, 207805.0, 210616.0, 118055.0, 87197.0, 1796406.0]",9
"[373283.0, 87688.0, 1655460.0, 210616.0, 46268.0, 62376.0, 82288.0, 398017.0, 359013.0, 61473.0]",10
"[90022.0, 227005.0, 398017.0, 1186369.0, 210382.0, 46268.0, 42832.0, 59050.0, 159365.0, 1001526.0]",11
"[73195.0, 179098.0, 978764.0, 101523.0, 80907.0, 265666.0, 1186369.0, 210382.0, 54866.0, 68817.0]",12
"[373283.0, 151137.0, 1164999.0, 2562232.0, 1972571.0, 978764.0, 1001526.0, 97100.0, 251114.0, 36868.0]",13
"[250305.0, 290538.0, 383010.0, 373283.0, 162677.0, 327437.0, 860906.0, 28315.0, 848228.0, 118540.0]",14
"[227005.0, 3605164.0, 246645.0, 265666.0, 373283.0, 105128.0, 398017.0, 183659.0, 383010.0, 80907.0]",15
"[250305.0, 290538.0, 210616.0, 354575.0, 61473.0, 3605164.0, 1758795.0, 1704292.0, 207805.0, 2866360.0]",16
"[210382.0, 265666.0, 416508.0, 1164999.0, 83791.0, 87688.0, 183659.0, 97100.0, 1655460.0, 828154.0]",17
"[265666.0, 87688.0, 62376.0, 246645.0, 73195.0, 50861.0, 3605164.0, 110363.0, 62824.0, 978764.0]",18
"[151137.0, 373283.0, 70608.0, 416508.0, 327437.0, 91344.0, 106262.0, 50861.0, 106834.0, 159365.0]",19
"[250305.0, 290538.0, 70608.0, 61473.0, 762138.0, 83791.0, 50861.0, 120780.0, 82288.0, 2866360.0]",20
"[87688.0, 250305.0, 290538.0, 327437.0, 475984.0, 3605164.0, 1972571.0, 354575.0, 118540.0, 61473.0]",21
"[210382.0, 73195.0, 1186369.0, 68817.0, 416508.0, 83791.0, 307479.0, 82288.0, 1164999.0, 828154.0]",22
"[978764.0, 120710.0, 227005.0, 210382.0, 1186369.0, 796307.0, 1655460.0, 828154.0, 59050.0, 65134.0]",23
"[227005.0, 120780.0, 110363.0, 762138.0, 80907.0, 250305.0, 290538.0, 61473.0, 251114.0, 848228.0]",24
"[46268.0, 83791.0, 848228.0, 2866360.0, 307479.0, 59050.0, 373283.0, 86190.0, 141369.0, 210616.0]",25
"[227005.0, 62376.0, 416508.0, 210616.0, 1796406.0, 210382.0, 87688.0, 1139797.0, 120780.0, 110516.0]",26
"[250305.0, 290538.0, 475984.0, 87688.0, 61473.0, 265666.0, 1001526.0, 179098.0, 95652.0, 453451.0]",27
"[416508.0, 210382.0, 250305.0, 290538.0, 246645.0, 327437.0, 50861.0, 1186369.0, 118540.0, 828154.0]",28
"[61473.0, 46268.0, 227005.0, 398017.0, 373283.0, 90022.0, 118540.0, 59050.0, 1972571.0, 2866360.0]",29
"[416508.0, 3605164.0, 50861.0, 227005.0, 398017.0, 373283.0, 2562232.0, 159365.0, 1972571.0, 70608.0]",30
"[327437.0, 1001526.0, 475984.0, 162677.0, 120710.0, 83791.0, 62824.0, 80907.0, 383010.0, 118540.0]",31
"[373283.0, 250305.0, 290538.0, 62824.0, 848228.0, 162677.0, 73195.0, 80907.0, 42832.0, 118540.0]",32
"[475984.0, 179098.0, 265666.0, 50861.0, 1186369.0, 70608.0, 101523.0, 126938.0, 84737.0, 39739.0]",33
"[475984.0, 250305.0, 290538.0, 151137.0, 796307.0, 416508.0, 233841.0, 490084.0, 1972571.0, 145653.0]",34
"[398017.0, 1164999.0, 210382.0, 3605164.0, 2866360.0, 1748227.0, 359013.0, 298130.0, 46268.0, 59050.0]",35
"[416508.0, 373283.0, 250305.0, 290538.0, 50861.0, 210382.0, 210616.0, 151137.0, 265666.0, 227005.0]",36
"[265666.0, 1001526.0, 110363.0, 416508.0, 978764.0, 95652.0, 62376.0, 151137.0, 179098.0, 54866.0]",37
"[3605164.0, 398017.0, 97100.0, 373283.0, 90022.0, 383010.0, 2562232.0, 105128.0, 265666.0, 46268.0]",38
"[73195.0, 80907.0, 97100.0, 1186369.0, 210382.0, 1001526.0, 1164999.0, 2562232.0, 106262.0, 28315.0]",39
"[416508.0, 1796406.0, 227005.0, 120710.0, 179098.0, 110516.0, 1758795.0, 398017.0, 120780.0, 2178470.0]",40
"[91344.0, 373283.0, 978764.0, 416508.0, 490084.0, 796307.0, 265666.0, 301181.0, 2178470.0, 86190.0]",41
"[250305.0, 290538.0, 416508.0, 87688.0, 475984.0, 327437.0, 383010.0, 62376.0, 828154.0, 762138.0]",42
"[416508.0, 120710.0, 475984.0, 354575.0, 54866.0, 101523.0, 3605164.0, 796307.0, 207805.0, 1095174.0]",43
"[3605164.0, 46268.0, 2562232.0, 250305.0, 290538.0, 87197.0, 1758795.0, 327437.0, 373283.0, 73195.0]",44
"[265666.0, 416508.0, 97100.0, 1186369.0, 210382.0, 978764.0, 1164999.0, 1796406.0, 2178470.0, 54866.0]",45
"[250305.0, 290538.0, 373283.0, 118540.0, 162677.0, 46268.0, 62376.0, 848228.0, 210616.0, 1758795.0]",46
"[62824.0, 373283.0, 848228.0, 251114.0, 1186369.0, 42832.0, 80907.0, 141369.0, 59050.0, 1001526.0]",47
"[250305.0, 290538.0, 87688.0, 416508.0, 354575.0, 828154.0, 145653.0, 796307.0, 233841.0, 65134.0]",48
"[327437.0, 250305.0, 290538.0, 475984.0, 84737.0, 70608.0, 828154.0, 373283.0, 28315.0, 848228.0]",49
"[373283.0, 210616.0, 118540.0, 87688.0, 162677.0, 227005.0, 848228.0, 110363.0, 251114.0, 1972571.0]",50
"[73195.0, 91344.0, 80907.0, 68817.0, 83791.0, 59050.0, 82288.0, 359013.0, 307479.0, 141369.0]",51
"[2562232.0, 118055.0, 151137.0, 83791.0, 416508.0, 848228.0, 373283.0, 828154.0, 1164999.0, 210616.0]",52
"[62824.0, 475984.0, 28315.0, 50861.0, 118540.0, 210382.0, 42832.0, 162677.0, 80907.0, 1186369.0]",53
"[398017.0, 59050.0, 179098.0, 39739.0, 1704292.0, 46268.0, 227005.0, 87197.0, 1758795.0, 978764.0]",54
"[73195.0, 373283.0, 61473.0, 62376.0, 68817.0, 82288.0, 87688.0, 398017.0, 327437.0, 251114.0]",55
"[3605164.0, 120710.0, 62376.0, 227005.0, 90022.0, 61473.0, 1139797.0, 46268.0, 233841.0, 87688.0]",56
"[62376.0, 50861.0, 475984.0, 227005.0, 162677.0, 87688.0, 453451.0, 373283.0, 210616.0, 159365.0]",57
"[373283.0, 61473.0, 250305.0, 290538.0, 3605164.0, 118540.0, 307479.0, 59050.0, 210616.0, 2866360.0]",58
"[250305.0, 290538.0, 3605164.0, 227005.0, 373283.0, 162677.0, 265666.0, 87688.0, 796307.0, 100200.0]",59
"[373283.0, 416508.0, 490084.0, 398017.0, 100200.0, 227005.0, 354575.0, 796307.0, 120710.0, 2562232.0]",60
"[227005.0, 82085.0, 1758795.0, 120780.0, 354575.0, 210616.0, 762138.0, 1704292.0, 61473.0, 240900.0]",61
"[762138.0, 490084.0, 1139797.0, 828154.0, 87197.0, 83791.0, 50861.0, 186726.0, 1001526.0, 2866360.0]",62
"[73195.0, 1001526.0, 83791.0, 359013.0, 91344.0, 141369.0, 1796406.0, 307479.0, 82288.0, 97100.0]",63
"[416508.0, 265666.0, 210382.0, 87688.0, 97100.0, 383010.0, 1186369.0, 978764.0, 62376.0, 3605164.0]",64
"[207805.0, 416508.0, 250305.0, 290538.0, 118055.0, 210382.0, 141369.0, 87688.0, 475984.0, 1758795.0]",65
"[2562232.0, 50861.0, 70608.0, 1001526.0, 110363.0, 416508.0, 126938.0, 118055.0, 39739.0, 490084.0]",66
"[265666.0, 416508.0, 1186369.0, 151137.0, 978764.0, 210382.0, 120710.0, 97100.0, 796307.0, 101523.0]",67
"[87688.0, 475984.0, 250305.0, 290538.0, 120780.0, 762138.0, 80907.0, 1001526.0, 141369.0, 82085.0]",68
"[373283.0, 80907.0, 251114.0, 796307.0, 159365.0, 162677.0, 207805.0, 848228.0, 2562232.0, 96794.0]",69
"[87688.0, 250305.0, 290538.0, 475984.0, 28315.0, 416508.0, 62376.0, 62824.0, 162677.0, 50861.0]",70
"[250305.0, 290538.0, 162677.0, 475984.0, 118540.0, 42832.0, 246645.0, 383010.0, 62824.0, 327437.0]",71
"[227005.0, 62376.0, 416508.0, 1655460.0, 796307.0, 46268.0, 110516.0, 210616.0, 1186369.0, 3605164.0]",72
"[416508.0, 373283.0, 1139797.0, 227005.0, 250305.0, 290538.0, 398017.0, 265666.0, 61473.0, 179098.0]",73
"[373283.0, 250305.0, 290538.0, 848228.0, 82288.0, 327437.0, 61473.0, 68817.0, 70608.0, 151137.0]",74
"[1164999.0, 2562232.0, 1001526.0, 91344.0, 179098.0, 301181.0, 1758795.0, 265666.0, 110516.0, 1095174.0]",75
"[250305.0, 290538.0, 416508.0, 475984.0, 210616.0, 828154.0, 860906.0, 84737.0, 762138.0, 162677.0]",76
"[327437.0, 70608.0, 83791.0, 373283.0, 82288.0, 106262.0, 359013.0, 61473.0, 86190.0, 90022.0]",77
"[250305.0, 290538.0, 373283.0, 227005.0, 3605164.0, 118540.0, 61473.0, 210382.0, 162677.0, 210616.0]",78
"[227005.0, 2562232.0, 416508.0, 210616.0, 398017.0, 265666.0, 87688.0, 2178470.0, 62376.0, 100200.0]",79
"[3605164.0, 61473.0, 250305.0, 290538.0, 227005.0, 373283.0, 46268.0, 145653.0, 1972571.0, 9018.0]",80
"[3605164.0, 100200.0, 265666.0, 186726.0, 1758795.0, 101523.0, 354575.0, 87688.0, 307479.0, 246645.0]",81
"[416508.0, 118055.0, 101523.0, 54866.0, 126938.0, 179098.0, 3605164.0, 120710.0, 265666.0, 1758795.0]",82
"[373283.0, 307479.0, 62824.0, 86190.0, 82288.0, 327437.0, 416508.0, 1001526.0, 90022.0, 2562232.0]",83
"[1001526.0, 83791.0, 82288.0, 151137.0, 373283.0, 62376.0, 227005.0, 2562232.0, 383010.0, 61473.0]",84
"[80907.0, 62824.0, 73195.0, 42832.0, 68817.0, 1001526.0, 251114.0, 210382.0, 141369.0, 70608.0]",85
"[416508.0, 354575.0, 828154.0, 762138.0, 1186369.0, 250305.0, 290538.0, 50861.0, 796307.0, 207805.0]",86
"[416508.0, 50861.0, 475984.0, 265666.0, 1186369.0, 68817.0, 250305.0, 290538.0, 87688.0, 246645.0]",87
"[416508.0, 265666.0, 118055.0, 1095174.0, 978764.0, 101523.0, 120710.0, 100200.0, 796307.0, 62376.0]",88
"[227005.0, 1001526.0, 453451.0, 179098.0, 110363.0, 9018.0, 796307.0, 1139797.0, 145653.0, 159365.0]",89
"[227005.0, 265666.0, 210382.0, 120710.0, 62376.0, 307479.0, 416508.0, 1796406.0, 796307.0, 80907.0]",90
"[373283.0, 91344.0, 848228.0, 860906.0, 82288.0, 65134.0, 354575.0, 86190.0, 307479.0, 87688.0]",91
"[227005.0, 398017.0, 2562232.0, 90022.0, 383010.0, 87197.0, 210616.0, 490084.0, 9018.0, 59050.0]",92
"[265666.0, 3605164.0, 250305.0, 290538.0, 796307.0, 227005.0, 100200.0, 110363.0, 210382.0, 978764.0]",93
"[250305.0, 290538.0, 265666.0, 373283.0, 227005.0, 62376.0, 475984.0, 87688.0, 796307.0, 416508.0]",94
"[50861.0, 70608.0, 1001526.0, 90022.0, 73195.0, 46268.0, 1139797.0, 91344.0, 84737.0, 453451.0]",95
"[327437.0, 383010.0, 210382.0, 97100.0, 50861.0, 106262.0, 2562232.0, 83791.0, 1186369.0, 307479.0]",96
"[3605164.0, 354575.0, 416508.0, 828154.0, 383010.0, 398017.0, 978764.0, 120780.0, 120710.0, 2178470.0]",97
"[250305.0, 290538.0, 28315.0, 416508.0, 475984.0, 246645.0, 85701.0, 186726.0, 9018.0, 453451.0]",98
"[250305.0, 290538.0, 227005.0, 62376.0, 373283.0, 490084.0, 100200.0, 101523.0, 179098.0, 796307.0]",99
"[250305.0, 290538.0, 1655460.0, 3605164.0, 162677.0, 327437.0, 46268.0, 85701.0, 398017.0, 87197.0]",100
"[373283.0, 83791.0, 62376.0, 61473.0, 848228.0, 327437.0, 91344.0, 87688.0, 162677.0, 36868.0]",101
"[373283.0, 1186369.0, 327437.0, 1748227.0, 398017.0, 46268.0, 159365.0, 100200.0, 50861.0, 227005.0]",102
"[416508.0, 210382.0, 265666.0, 68817.0, 179098.0, 101523.0, 978764.0, 1186369.0, 398017.0, 106262.0]",103
"[87688.0, 62376.0, 73195.0, 265666.0, 1186369.0, 978764.0, 848228.0, 106834.0, 62824.0, 1748227.0]",104
"[227005.0, 1655460.0, 1186369.0, 80907.0, 1972571.0, 398017.0, 145653.0, 42832.0, 1139797.0, 9018.0]",105
"[62376.0, 87688.0, 227005.0, 73195.0, 250305.0, 290538.0, 210616.0, 373283.0, 61473.0, 210382.0]",106
"[416508.0, 265666.0, 97100.0, 1001526.0, 210382.0, 1164999.0, 2562232.0, 179098.0, 978764.0, 106262.0]",107
"[1655460.0, 83791.0, 82288.0, 91344.0, 46268.0, 307479.0, 978764.0, 3605164.0, 86190.0, 186726.0]",108
"[416508.0, 265666.0, 2562232.0, 179098.0, 210382.0, 1186369.0, 62376.0, 50861.0, 2178470.0, 105128.0]",109
"[250305.0, 290538.0, 373283.0, 475984.0, 416508.0, 28315.0, 848228.0, 383010.0, 70608.0, 50861.0]",110
"[87688.0, 250305.0, 290538.0, 373283.0, 416508.0, 70608.0, 151137.0, 246645.0, 62376.0, 2562232.0]",111
"[416508.0, 50861.0, 475984.0, 383010.0, 62376.0, 1186369.0, 120710.0, 106834.0, 265666.0, 246645.0]",112
"[62824.0, 82085.0, 1095174.0, 9018.0, 1001526.0, 110363.0, 1704292.0, 101523.0, 106262.0, 54866.0]",113
"[110363.0, 9018.0, 91344.0, 54866.0, 490084.0, 114663.0, 59050.0, 95652.0, 1758795.0, 36868.0]",114
"[83791.0, 90022.0, 398017.0, 762138.0, 327437.0, 1001526.0, 82288.0, 490084.0, 46268.0, 265666.0]",115
"[91344.0, 120780.0, 1164999.0, 83791.0, 36868.0, 354575.0, 126938.0, 145653.0, 82288.0, 453451.0]",116
"[179098.0, 101523.0, 416508.0, 265666.0, 39739.0, 54866.0, 978764.0, 1186369.0, 126938.0, 100200.0]",117
"[250305.0, 290538.0, 210382.0, 383010.0, 28315.0, 118540.0, 162677.0, 87688.0, 416508.0, 3605164.0]",118
"[416508.0, 87688.0, 373283.0, 3605164.0, 475984.0, 159365.0, 50861.0, 162677.0, 1972571.0, 2562232.0]",119
"[80907.0, 62376.0, 110363.0, 73195.0, 265666.0, 70608.0, 141369.0, 475984.0, 251114.0, 62824.0]",120
"[227005.0, 265666.0, 373283.0, 398017.0, 59050.0, 490084.0, 151137.0, 46268.0, 978764.0, 1186369.0]",121
"[250305.0, 290538.0, 475984.0, 87688.0, 416508.0, 373283.0, 62376.0, 70608.0, 327437.0, 848228.0]",122
"[398017.0, 227005.0, 1001526.0, 265666.0, 2562232.0, 179098.0, 110363.0, 95652.0, 118055.0, 1164999.0]",123
"[83791.0, 62376.0, 84737.0, 250305.0, 290538.0, 70608.0, 210616.0, 186726.0, 120710.0, 110363.0]",124
"[3605164.0, 265666.0, 383010.0, 453451.0, 120710.0, 46268.0, 105128.0, 1655460.0, 1164999.0, 227005.0]",125
"[1001526.0, 2562232.0, 118055.0, 110363.0, 762138.0, 227005.0, 87197.0, 50861.0, 96794.0, 62824.0]",126
"[50861.0, 1001526.0, 28315.0, 475984.0, 1704292.0, 453451.0, 762138.0, 207805.0, 84737.0, 114663.0]",127
"[1095174.0, 91344.0, 65134.0, 95652.0, 186726.0, 101523.0, 120710.0, 106834.0, 61473.0, 796307.0]",128
"[265666.0, 3605164.0, 373283.0, 162677.0, 159365.0, 1655460.0, 97100.0, 87688.0, 62376.0, 327437.0]",129
"[416508.0, 373283.0, 62376.0, 250305.0, 290538.0, 70608.0, 159365.0, 327437.0, 475984.0, 87688.0]",130
"[265666.0, 416508.0, 97100.0, 179098.0, 3605164.0, 210382.0, 1164999.0, 978764.0, 796307.0, 101523.0]",131
"[250305.0, 290538.0, 416508.0, 265666.0, 301181.0, 54866.0, 453451.0, 126938.0, 179098.0, 490084.0]",132
"[265666.0, 373283.0, 416508.0, 97100.0, 1001526.0, 151137.0, 62376.0, 159365.0, 1164999.0, 1139797.0]",133
"[1186369.0, 210382.0, 978764.0, 307479.0, 83791.0, 1796406.0, 68817.0, 398017.0, 97100.0, 265666.0]",134
"[978764.0, 62376.0, 416508.0, 101523.0, 1758795.0, 179098.0, 227005.0, 151137.0, 87688.0, 828154.0]",135
"[73195.0, 70608.0, 82288.0, 1001526.0, 83791.0, 68817.0, 91344.0, 86190.0, 141369.0, 28315.0]",136
"[1001526.0, 80907.0, 2562232.0, 373283.0, 86190.0, 68817.0, 848228.0, 250305.0, 290538.0, 1164999.0]",137
"[210382.0, 227005.0, 373283.0, 46268.0, 1186369.0, 3605164.0, 1972571.0, 1748227.0, 59050.0, 354575.0]",138
"[250305.0, 290538.0, 416508.0, 828154.0, 3605164.0, 1001526.0, 860906.0, 207805.0, 65134.0, 82288.0]",139
"[73195.0, 95652.0, 1001526.0, 179098.0, 80907.0, 62824.0, 87197.0, 82085.0, 54866.0, 97100.0]",140
"[250305.0, 290538.0, 475984.0, 87688.0, 373283.0, 265666.0, 28315.0, 50861.0, 70608.0, 162677.0]",141
"[265666.0, 73195.0, 179098.0, 978764.0, 1186369.0, 307479.0, 101523.0, 210382.0, 83791.0, 46268.0]",142
"[416508.0, 265666.0, 179098.0, 73195.0, 101523.0, 120710.0, 54866.0, 2562232.0, 210382.0, 1796406.0]",143
"[373283.0, 227005.0, 251114.0, 1972571.0, 118540.0, 61473.0, 848228.0, 80907.0, 398017.0, 210382.0]",144
"[250305.0, 290538.0, 80907.0, 110363.0, 141369.0, 108260.0, 95652.0, 82085.0, 120780.0, 848228.0]",145
"[73195.0, 70608.0, 250305.0, 290538.0, 62376.0, 227005.0, 80907.0, 1001526.0, 62824.0, 87197.0]",146
"[3605164.0, 227005.0, 46268.0, 90022.0, 210382.0, 383010.0, 110516.0, 59050.0, 398017.0, 9018.0]",147
"[3605164.0, 210616.0, 105128.0, 54866.0, 354575.0, 84737.0, 62376.0, 265666.0, 183659.0, 50861.0]",148
"[250305.0, 290538.0, 210616.0, 327437.0, 1095174.0, 1758795.0, 3605164.0, 762138.0, 120780.0, 240900.0]",149
"[68817.0, 1972571.0, 848228.0, 1186369.0, 1748227.0, 373283.0, 183659.0, 73195.0, 1164999.0, 250305.0]",150
"[373283.0, 61473.0, 59050.0, 307479.0, 83791.0, 46268.0, 848228.0, 1972571.0, 354575.0, 251114.0]",151
"[83791.0, 91344.0, 359013.0, 1001526.0, 59050.0, 80907.0, 86190.0, 2866360.0, 106262.0, 848228.0]",152
"[1758795.0, 186726.0, 59050.0, 398017.0, 253867.0, 301181.0, 120710.0, 90022.0, 9018.0, 1139797.0]",153
"[59050.0, 46268.0, 250305.0, 290538.0, 61473.0, 118540.0, 327437.0, 83791.0, 2866360.0, 848228.0]",154
"[70608.0, 73195.0, 68817.0, 373283.0, 210382.0, 50861.0, 151137.0, 97100.0, 86190.0, 265666.0]",155
"[828154.0, 96794.0, 210382.0, 227005.0, 54866.0, 87197.0, 1796406.0, 179098.0, 207805.0, 114663.0]",156
"[227005.0, 398017.0, 416508.0, 210382.0, 265666.0, 2562232.0, 1758795.0, 90022.0, 828154.0, 1164999.0]",157
"[416508.0, 227005.0, 120710.0, 475984.0, 383010.0, 453451.0, 253867.0, 9018.0, 2562232.0, 1796406.0]",158
"[416508.0, 475984.0, 373283.0, 70608.0, 50861.0, 62376.0, 87688.0, 159365.0, 383010.0, 1655460.0]",159
"[179098.0, 796307.0, 54866.0, 978764.0, 475984.0, 1164999.0, 97100.0, 80907.0, 36868.0, 100200.0]",160
"[398017.0, 490084.0, 2562232.0, 3605164.0, 373283.0, 265666.0, 118540.0, 100200.0, 796307.0, 73195.0]",161
"[265666.0, 246645.0, 828154.0, 490084.0, 151137.0, 179098.0, 97100.0, 118055.0, 82085.0, 100200.0]",162
"[416508.0, 100200.0, 796307.0, 265666.0, 179098.0, 3605164.0, 490084.0, 2562232.0, 1164999.0, 110363.0]",163
"[227005.0, 210382.0, 1758795.0, 398017.0, 1186369.0, 80907.0, 978764.0, 828154.0, 82085.0, 1796406.0]",164
"[62376.0, 1001526.0, 265666.0, 2562232.0, 1139797.0, 383010.0, 68817.0, 83791.0, 82288.0, 42832.0]",165
"[3605164.0, 246645.0, 151137.0, 62376.0, 1139797.0, 90022.0, 120710.0, 1758795.0, 373283.0, 490084.0]",166
"[265666.0, 416508.0, 179098.0, 54866.0, 126938.0, 120710.0, 101523.0, 1758795.0, 2178470.0, 1796406.0]",167
"[848228.0, 373283.0, 83791.0, 91344.0, 860906.0, 82288.0, 307479.0, 86190.0, 354575.0, 2562232.0]",168
"[73195.0, 373283.0, 83791.0, 848228.0, 1001526.0, 86190.0, 46268.0, 82288.0, 359013.0, 327437.0]",169
"[250305.0, 290538.0, 373283.0, 475984.0, 50861.0, 80907.0, 28315.0, 62824.0, 62376.0, 848228.0]",170
"[416508.0, 62376.0, 1796406.0, 28315.0, 50861.0, 250305.0, 290538.0, 1186369.0, 62824.0, 383010.0]",171
"[210382.0, 416508.0, 227005.0, 383010.0, 62376.0, 327437.0, 1186369.0, 162677.0, 250305.0, 290538.0]",172
"[210616.0, 61473.0, 46268.0, 373283.0, 227005.0, 59050.0, 354575.0, 250305.0, 290538.0, 398017.0]",173
"[83791.0, 354575.0, 82288.0, 327437.0, 61473.0, 307479.0, 416508.0, 36868.0, 860906.0, 1095174.0]",174
"[73195.0, 227005.0, 87688.0, 210616.0, 62376.0, 307479.0, 61473.0, 3605164.0, 848228.0, 373283.0]",175
"[978764.0, 91344.0, 1748227.0, 59050.0, 183659.0, 87688.0, 307479.0, 210382.0, 68817.0, 233841.0]",176
"[416508.0, 2562232.0, 118055.0, 1758795.0, 1796406.0, 210616.0, 3605164.0, 120710.0, 453451.0, 227005.0]",177
"[265666.0, 416508.0, 1001526.0, 3605164.0, 62824.0, 1164999.0, 70608.0, 1796406.0, 86190.0, 227005.0]",178
"[73195.0, 1655460.0, 106262.0, 383010.0, 70608.0, 250305.0, 290538.0, 359013.0, 83791.0, 860906.0]",179
"[1001526.0, 416508.0, 73195.0, 83791.0, 151137.0, 50861.0, 179098.0, 39739.0, 265666.0, 70608.0]",180
"[416508.0, 227005.0, 179098.0, 265666.0, 1186369.0, 210382.0, 101523.0, 50861.0, 796307.0, 1139797.0]",181
"[91344.0, 1704292.0, 1758795.0, 2866360.0, 62376.0, 1095174.0, 186726.0, 9018.0, 46268.0, 100200.0]",182
"[227005.0, 1758795.0, 398017.0, 59050.0, 9018.0, 207805.0, 87197.0, 110516.0, 246645.0, 120780.0]",183
"[250305.0, 290538.0, 475984.0, 28315.0, 50861.0, 87688.0, 327437.0, 1186369.0, 416508.0, 70608.0]",184
"[3605164.0, 87688.0, 118540.0, 250305.0, 290538.0, 246645.0, 62376.0, 475984.0, 80907.0, 210382.0]",185
"[83791.0, 828154.0, 848228.0, 2866360.0, 61473.0, 307479.0, 327437.0, 91344.0, 373283.0, 3605164.0]",186
"[250305.0, 290538.0, 62376.0, 120710.0, 1758795.0, 87688.0, 101523.0, 50861.0, 1139797.0, 796307.0]",187
"[50861.0, 373283.0, 265666.0, 453451.0, 978764.0, 227005.0, 73195.0, 95652.0, 179098.0, 80907.0]",188
"[73195.0, 978764.0, 68817.0, 87688.0, 62376.0, 210382.0, 1186369.0, 250305.0, 290538.0, 1796406.0]",189
"[475984.0, 250305.0, 290538.0, 416508.0, 383010.0, 120710.0, 28315.0, 453451.0, 87688.0, 105128.0]",190
"[416508.0, 2562232.0, 210382.0, 3605164.0, 265666.0, 354575.0, 62376.0, 383010.0, 118055.0, 97100.0]",191
"[475984.0, 453451.0, 796307.0, 101523.0, 373283.0, 1655460.0, 159365.0, 54866.0, 61473.0, 145653.0]",192
"[227005.0, 475984.0, 1001526.0, 110363.0, 327437.0, 9018.0, 453451.0, 61473.0, 110516.0, 246645.0]",193
"[250305.0, 290538.0, 373283.0, 848228.0, 61473.0, 151137.0, 307479.0, 860906.0, 62376.0, 118540.0]",194
"[73195.0, 265666.0, 416508.0, 50861.0, 70608.0, 80907.0, 97100.0, 246645.0, 354575.0, 398017.0]",195
"[416508.0, 250305.0, 290538.0, 265666.0, 475984.0, 1796406.0, 762138.0, 179098.0, 978764.0, 796307.0]",196
"[373283.0, 848228.0, 250305.0, 290538.0, 83791.0, 118540.0, 251114.0, 91344.0, 82288.0, 860906.0]",197
"[828154.0, 354575.0, 1796406.0, 978764.0, 61473.0, 416508.0, 327437.0, 1164999.0, 1655460.0, 860906.0]",198
"[250305.0, 290538.0, 373283.0, 2562232.0, 828154.0, 207805.0, 46268.0, 42832.0, 848228.0, 87197.0]",199
"[227005.0, 398017.0, 1655460.0, 90022.0, 265666.0, 120710.0, 246645.0, 87197.0, 240900.0, 46268.0]",200
"[83791.0, 82288.0, 91344.0, 1139797.0, 86190.0, 1001526.0, 1164999.0, 159365.0, 3622592.0, 210616.0]",201
"[373283.0, 848228.0, 3605164.0, 1758795.0, 2562232.0, 210616.0, 118055.0, 1796406.0, 1704292.0, 251114.0]",202
"[83791.0, 2562232.0, 354575.0, 860906.0, 250305.0, 290538.0, 373283.0, 828154.0, 251114.0, 159365.0]",203
"[250305.0, 290538.0, 416508.0, 828154.0, 2562232.0, 50861.0, 84737.0, 1796406.0, 383010.0, 207805.0]",204
"[416508.0, 265666.0, 62376.0, 210382.0, 1139797.0, 82288.0, 97100.0, 151137.0, 796307.0, 83791.0]",205
"[250305.0, 290538.0, 475984.0, 373283.0, 327437.0, 28315.0, 62376.0, 118540.0, 80907.0, 796307.0]",206
"[250305.0, 290538.0, 28315.0, 80907.0, 207805.0, 327437.0, 118540.0, 383010.0, 246645.0, 762138.0]",207
"[265666.0, 416508.0, 2562232.0, 250305.0, 290538.0, 796307.0, 978764.0, 210382.0, 227005.0, 39739.0]",208
"[373283.0, 46268.0, 80907.0, 59050.0, 848228.0, 227005.0, 62824.0, 68817.0, 73195.0, 251114.0]",209
"[2562232.0, 1758795.0, 118055.0, 95652.0, 62376.0, 110363.0, 1796406.0, 87197.0, 210616.0, 82085.0]",210
"[250305.0, 290538.0, 475984.0, 327437.0, 373283.0, 87688.0, 151137.0, 796307.0, 416508.0, 28315.0]",211
"[265666.0, 227005.0, 250305.0, 290538.0, 87688.0, 796307.0, 62376.0, 1186369.0, 100200.0, 54866.0]",212
"[250305.0, 290538.0, 373283.0, 80907.0, 83791.0, 1001526.0, 848228.0, 61473.0, 359013.0, 62824.0]",213
"[3605164.0, 373283.0, 87688.0, 354575.0, 108260.0, 62376.0, 416508.0, 233841.0, 1139797.0, 100200.0]",214
"[62824.0, 796307.0, 475984.0, 179098.0, 101523.0, 62376.0, 87688.0, 162677.0, 978764.0, 151137.0]",215
"[265666.0, 179098.0, 978764.0, 2562232.0, 62376.0, 227005.0, 490084.0, 1796406.0, 796307.0, 83791.0]",216
"[50861.0, 416508.0, 2562232.0, 383010.0, 490084.0, 250305.0, 290538.0, 246645.0, 1001526.0, 354575.0]",217
"[416508.0, 28315.0, 2562232.0, 179098.0, 1796406.0, 253867.0, 2178470.0, 91344.0, 1095174.0, 1186369.0]",218
"[250305.0, 290538.0, 87197.0, 762138.0, 207805.0, 110363.0, 227005.0, 240900.0, 1972571.0, 490084.0]",219
"[250305.0, 290538.0, 50861.0, 87688.0, 3605164.0, 373283.0, 227005.0, 1972571.0, 398017.0, 796307.0]",220
"[250305.0, 290538.0, 327437.0, 28315.0, 475984.0, 1001526.0, 762138.0, 82085.0, 3605164.0, 828154.0]",221
"[250305.0, 290538.0, 475984.0, 416508.0, 327437.0, 62376.0, 246645.0, 87688.0, 162677.0, 265666.0]",222
"[250305.0, 290538.0, 373283.0, 87688.0, 62376.0, 118540.0, 61473.0, 227005.0, 848228.0, 210616.0]",223
"[246645.0, 120710.0, 80907.0, 90022.0, 70608.0, 50861.0, 416508.0, 106834.0, 73195.0, 105128.0]",224
"[1164999.0, 3605164.0, 354575.0, 828154.0, 73195.0, 118055.0, 210382.0, 2562232.0, 416508.0, 359013.0]",225
"[250305.0, 290538.0, 100200.0, 796307.0, 265666.0, 1164999.0, 2866360.0, 233841.0, 83791.0, 860906.0]",226
"[73195.0, 210382.0, 227005.0, 68817.0, 1186369.0, 59050.0, 398017.0, 359013.0, 46268.0, 42832.0]",227
"[73195.0, 210382.0, 246645.0, 59050.0, 307479.0, 120710.0, 383010.0, 62376.0, 186726.0, 68817.0]",228
"[250305.0, 290538.0, 416508.0, 87688.0, 475984.0, 62376.0, 68817.0, 265666.0, 28315.0, 1186369.0]",229
"[250305.0, 290538.0, 475984.0, 416508.0, 828154.0, 28315.0, 762138.0, 265666.0, 110363.0, 96794.0]",230
"[3605164.0, 62376.0, 1796406.0, 1139797.0, 110363.0, 1095174.0, 54866.0, 207805.0, 118055.0, 2178470.0]",231
"[70608.0, 62824.0, 210382.0, 246645.0, 1972571.0, 828154.0, 227005.0, 82085.0, 120780.0, 327437.0]",232
"[265666.0, 490084.0, 97100.0, 50861.0, 416508.0, 301181.0, 100200.0, 398017.0, 1186369.0, 246645.0]",233
"[265666.0, 2562232.0, 210382.0, 227005.0, 978764.0, 179098.0, 1164999.0, 118055.0, 83791.0, 398017.0]",234
"[1001526.0, 1164999.0, 354575.0, 207805.0, 2562232.0, 82085.0, 1758795.0, 118055.0, 828154.0, 54866.0]",235
"[87688.0, 62824.0, 3605164.0, 162677.0, 62376.0, 1655460.0, 383010.0, 73195.0, 97100.0, 159365.0]",236
"[227005.0, 416508.0, 2562232.0, 3605164.0, 1796406.0, 398017.0, 1139797.0, 978764.0, 62376.0, 118055.0]",237
"[265666.0, 416508.0, 50861.0, 97100.0, 68817.0, 39739.0, 1001526.0, 1186369.0, 70608.0, 210382.0]",238
"[416508.0, 2562232.0, 354575.0, 2178470.0, 50861.0, 84737.0, 207805.0, 383010.0, 61473.0, 54866.0]",239
"[186726.0, 120710.0, 796307.0, 475984.0, 373283.0, 978764.0, 9018.0, 46268.0, 95652.0, 162677.0]",240
"[227005.0, 1186369.0, 762138.0, 2562232.0, 416508.0, 50861.0, 250305.0, 290538.0, 62376.0, 87688.0]",241
"[373283.0, 162677.0, 70608.0, 327437.0, 73195.0, 62376.0, 250305.0, 290538.0, 848228.0, 159365.0]",242
"[416508.0, 159365.0, 265666.0, 62376.0, 1139797.0, 50861.0, 100200.0, 1186369.0, 54866.0, 490084.0]",243
"[90022.0, 398017.0, 1758795.0, 9018.0, 227005.0, 59050.0, 2562232.0, 108260.0, 36868.0, 301181.0]",244
"[848228.0, 373283.0, 73195.0, 250305.0, 290538.0, 327437.0, 86190.0, 762138.0, 83791.0, 307479.0]",245
"[475984.0, 250305.0, 290538.0, 246645.0, 162677.0, 383010.0, 105128.0, 70608.0, 118540.0, 50861.0]",246
"[373283.0, 42832.0, 73195.0, 65134.0, 251114.0, 86190.0, 359013.0, 70608.0, 1972571.0, 848228.0]",247
"[373283.0, 73195.0, 151137.0, 68817.0, 359013.0, 70608.0, 398017.0, 2562232.0, 82288.0, 1972571.0]",248
"[848228.0, 373283.0, 2562232.0, 251114.0, 110363.0, 1704292.0, 1001526.0, 36868.0, 61473.0, 1164999.0]",249
"[62824.0, 250305.0, 290538.0, 227005.0, 82288.0, 68817.0, 373283.0, 46268.0, 1748227.0, 65134.0]",250
"[265666.0, 62376.0, 416508.0, 978764.0, 227005.0, 179098.0, 105128.0, 1796406.0, 246645.0, 3605164.0]",251
"[373283.0, 73195.0, 68817.0, 118540.0, 80907.0, 307479.0, 86190.0, 59050.0, 42832.0, 848228.0]",252
"[70608.0, 62376.0, 87688.0, 50861.0, 110363.0, 251114.0, 1139797.0, 373283.0, 114663.0, 227005.0]",253
"[416508.0, 61473.0, 490084.0, 796307.0, 3605164.0, 1186369.0, 233841.0, 101523.0, 475984.0, 100200.0]",254
"[50861.0, 62376.0, 227005.0, 265666.0, 87688.0, 110363.0, 416508.0, 3605164.0, 2562232.0, 1139797.0]",255
"[246645.0, 250305.0, 290538.0, 87688.0, 416508.0, 62376.0, 828154.0, 1001526.0, 50861.0, 475984.0]",256
"[250305.0, 290538.0, 475984.0, 62824.0, 265666.0, 80907.0, 73195.0, 97100.0, 106262.0, 28315.0]",257
"[250305.0, 290538.0, 475984.0, 162677.0, 1655460.0, 3605164.0, 61473.0, 118540.0, 227005.0, 828154.0]",258
"[62376.0, 227005.0, 265666.0, 3605164.0, 87688.0, 796307.0, 416508.0, 475984.0, 210616.0, 118540.0]",259
"[373283.0, 82288.0, 73195.0, 151137.0, 83791.0, 86190.0, 62376.0, 68817.0, 61473.0, 265666.0]",260
"[210382.0, 73195.0, 416508.0, 978764.0, 1186369.0, 62824.0, 87688.0, 68817.0, 828154.0, 265666.0]",261
"[416508.0, 1186369.0, 87688.0, 210382.0, 2178470.0, 265666.0, 1139797.0, 106262.0, 475984.0, 246645.0]",262
"[73195.0, 250305.0, 290538.0, 327437.0, 70608.0, 84737.0, 162677.0, 28315.0, 68817.0, 80907.0]",263
"[475984.0, 73195.0, 28315.0, 68817.0, 416508.0, 179098.0, 62824.0, 453451.0, 85701.0, 50861.0]",264
"[106262.0, 327437.0, 398017.0, 120780.0, 183659.0, 28315.0, 383010.0, 860906.0, 61473.0, 83791.0]",265
"[73195.0, 250305.0, 290538.0, 828154.0, 3605164.0, 354575.0, 416508.0, 327437.0, 246645.0, 860906.0]",266
"[416508.0, 475984.0, 50861.0, 265666.0, 70608.0, 179098.0, 250305.0, 290538.0, 1139797.0, 1186369.0]",267
"[91344.0, 120710.0, 2562232.0, 83791.0, 1001526.0, 82288.0, 373283.0, 327437.0, 354575.0, 453451.0]",268
"[250305.0, 290538.0, 327437.0, 70608.0, 106262.0, 28315.0, 373283.0, 83791.0, 1655460.0, 828154.0]",269
"[1186369.0, 227005.0, 59050.0, 210382.0, 210616.0, 416508.0, 3605164.0, 141369.0, 120780.0, 233841.0]",270
"[373283.0, 83791.0, 82288.0, 151137.0, 91344.0, 73195.0, 250305.0, 290538.0, 70608.0, 106262.0]",271
"[83791.0, 91344.0, 62824.0, 110363.0, 70608.0, 1001526.0, 848228.0, 86190.0, 359013.0, 251114.0]",272
"[250305.0, 290538.0, 1001526.0, 86190.0, 70608.0, 227005.0, 251114.0, 2562232.0, 9018.0, 120780.0]",273
"[3605164.0, 327437.0, 46268.0, 250305.0, 290538.0, 61473.0, 828154.0, 9018.0, 1758795.0, 87197.0]",274
"[416508.0, 475984.0, 50861.0, 265666.0, 246645.0, 210616.0, 227005.0, 250305.0, 290538.0, 28315.0]",275
"[59050.0, 398017.0, 3605164.0, 373283.0, 62824.0, 307479.0, 62376.0, 68817.0, 46268.0, 233841.0]",276
"[373283.0, 62824.0, 87688.0, 46268.0, 82288.0, 91344.0, 65134.0, 307479.0, 59050.0, 100200.0]",277
"[62824.0, 59050.0, 9018.0, 42832.0, 91344.0, 250305.0, 290538.0, 227005.0, 186726.0, 251114.0]",278
"[373283.0, 59050.0, 978764.0, 61473.0, 490084.0, 91344.0, 46268.0, 1655460.0, 100200.0, 118540.0]",279
"[416508.0, 265666.0, 3605164.0, 50861.0, 97100.0, 62376.0, 210382.0, 70608.0, 2178470.0, 1164999.0]",280
"[250305.0, 290538.0, 475984.0, 162677.0, 373283.0, 28315.0, 50861.0, 84737.0, 1186369.0, 848228.0]",281
"[475984.0, 70608.0, 61473.0, 453451.0, 82288.0, 210616.0, 65134.0, 120710.0, 87688.0, 159365.0]",282
"[250305.0, 290538.0, 373283.0, 210382.0, 227005.0, 61473.0, 46268.0, 59050.0, 398017.0, 848228.0]",283
"[210382.0, 3605164.0, 59050.0, 87688.0, 978764.0, 62376.0, 307479.0, 227005.0, 265666.0, 97100.0]",284
"[210382.0, 354575.0, 87688.0, 416508.0, 1186369.0, 3605164.0, 828154.0, 68817.0, 233841.0, 227005.0]",285
"[83791.0, 1164999.0, 179098.0, 1001526.0, 416508.0, 2562232.0, 118055.0, 151137.0, 97100.0, 96794.0]",286
"[1001526.0, 68817.0, 87688.0, 91344.0, 70608.0, 82288.0, 210382.0, 359013.0, 848228.0, 97100.0]",287
"[246645.0, 61473.0, 73195.0, 227005.0, 80907.0, 327437.0, 398017.0, 373283.0, 307479.0, 68817.0]",288
"[1758795.0, 120710.0, 179098.0, 9018.0, 54866.0, 253867.0, 118055.0, 95652.0, 2562232.0, 87197.0]",289
"[250305.0, 290538.0, 373283.0, 227005.0, 61473.0, 848228.0, 118540.0, 145653.0, 1655460.0, 87688.0]",290
"[73195.0, 83791.0, 68817.0, 246645.0, 1186369.0, 1001526.0, 1164999.0, 210382.0, 828154.0, 475984.0]",291
"[416508.0, 383010.0, 227005.0, 2562232.0, 2178470.0, 54866.0, 475984.0, 327437.0, 50861.0, 265666.0]",292
"[250305.0, 290538.0, 62376.0, 50861.0, 61473.0, 70608.0, 490084.0, 416508.0, 210616.0, 87688.0]",293
"[210616.0, 227005.0, 373283.0, 50861.0, 490084.0, 85701.0, 240900.0, 101523.0, 250305.0, 290538.0]",294
"[80907.0, 83791.0, 1001526.0, 70608.0, 373283.0, 62376.0, 91344.0, 2562232.0, 848228.0, 82288.0]",295
"[250305.0, 290538.0, 860906.0, 373283.0, 91344.0, 82288.0, 354575.0, 83791.0, 848228.0, 46268.0]",296
"[373283.0, 210382.0, 416508.0, 106262.0, 1164999.0, 828154.0, 151137.0, 97100.0, 118540.0, 183659.0]",297
"[3605164.0, 120710.0, 97100.0, 1655460.0, 398017.0, 1758795.0, 978764.0, 210382.0, 87197.0, 1796406.0]",298
"[73195.0, 246645.0, 87688.0, 3605164.0, 82085.0, 68817.0, 227005.0, 354575.0, 828154.0, 70608.0]",299
"[373283.0, 73195.0, 1704292.0, 80907.0, 848228.0, 307479.0, 87688.0, 762138.0, 1972571.0, 118540.0]",300
"[3605164.0, 106262.0, 828154.0, 83791.0, 860906.0, 246645.0, 2866360.0, 210382.0, 354575.0, 327437.0]",301
"[265666.0, 383010.0, 416508.0, 120710.0, 1186369.0, 179098.0, 1655460.0, 307479.0, 210382.0, 1139797.0]",302
"[250305.0, 290538.0, 227005.0, 383010.0, 61473.0, 3605164.0, 145653.0, 373283.0, 80907.0, 62376.0]",303
"[210382.0, 227005.0, 162677.0, 118540.0, 373283.0, 265666.0, 1655460.0, 828154.0, 796307.0, 978764.0]",304
"[978764.0, 179098.0, 416508.0, 265666.0, 1186369.0, 105128.0, 210382.0, 151137.0, 796307.0, 475984.0]",305
"[398017.0, 373283.0, 416508.0, 82288.0, 61473.0, 1164999.0, 151137.0, 68817.0, 265666.0, 70608.0]",306
"[70608.0, 250305.0, 290538.0, 475984.0, 246645.0, 416508.0, 327437.0, 828154.0, 82085.0, 73195.0]",307
"[398017.0, 227005.0, 90022.0, 3605164.0, 1655460.0, 210616.0, 978764.0, 1139797.0, 301181.0, 110516.0]",308
"[227005.0, 9018.0, 1655460.0, 83791.0, 210616.0, 120780.0, 251114.0, 59050.0, 2866360.0, 61473.0]",309
"[210382.0, 416508.0, 265666.0, 100200.0, 1186369.0, 227005.0, 179098.0, 978764.0, 398017.0, 3605164.0]",310
"[62376.0, 87688.0, 416508.0, 373283.0, 118540.0, 250305.0, 290538.0, 2562232.0, 1972571.0, 159365.0]",311
"[416508.0, 250305.0, 290538.0, 373283.0, 210382.0, 227005.0, 475984.0, 118540.0, 162677.0, 210616.0]",312
"[62376.0, 73195.0, 159365.0, 80907.0, 373283.0, 251114.0, 87688.0, 82288.0, 70608.0, 106834.0]",313
"[73195.0, 373283.0, 80907.0, 70608.0, 68817.0, 87688.0, 86190.0, 82288.0, 62824.0, 91344.0]",314
"[1001526.0, 1164999.0, 2562232.0, 108260.0, 82085.0, 354575.0, 1139797.0, 179098.0, 251114.0, 110363.0]",315
"[250305.0, 290538.0, 848228.0, 82288.0, 373283.0, 70608.0, 1001526.0, 110363.0, 86190.0, 83791.0]",316
"[307479.0, 354575.0, 61473.0, 186726.0, 100200.0, 1704292.0, 398017.0, 2866360.0, 207805.0, 179098.0]",317
"[227005.0, 210382.0, 848228.0, 59050.0, 3605164.0, 118055.0, 39739.0, 46268.0, 1186369.0, 1972571.0]",318
"[250305.0, 290538.0, 73195.0, 327437.0, 475984.0, 87688.0, 383010.0, 860906.0, 307479.0, 246645.0]",319
"[227005.0, 62376.0, 87688.0, 416508.0, 210382.0, 68817.0, 250305.0, 290538.0, 1001526.0, 1186369.0]",320
"[416508.0, 246645.0, 828154.0, 106262.0, 126938.0, 354575.0, 1655460.0, 265666.0, 327437.0, 97100.0]",321
"[416508.0, 475984.0, 250305.0, 290538.0, 50861.0, 105128.0, 28315.0, 70608.0, 265666.0, 97100.0]",322
"[373283.0, 327437.0, 250305.0, 290538.0, 162677.0, 3605164.0, 159365.0, 46268.0, 62376.0, 84737.0]",323
"[70608.0, 383010.0, 246645.0, 828154.0, 1001526.0, 50861.0, 762138.0, 90022.0, 354575.0, 82085.0]",324
"[250305.0, 290538.0, 62824.0, 373283.0, 848228.0, 118540.0, 80907.0, 762138.0, 327437.0, 1704292.0]",325
"[327437.0, 250305.0, 290538.0, 398017.0, 73195.0, 61473.0, 50861.0, 120780.0, 83791.0, 860906.0]",326
"[227005.0, 210616.0, 61473.0, 1655460.0, 327437.0, 73195.0, 46268.0, 28315.0, 9018.0, 90022.0]",327
"[250305.0, 290538.0, 107843.0, 416508.0, 101523.0, 210382.0, 828154.0, 301181.0, 848228.0, 91344.0]",328
"[416508.0, 73195.0, 1001526.0, 83791.0, 307479.0, 828154.0, 1796406.0, 97100.0, 860906.0, 82288.0]",329
"[475984.0, 87688.0, 151137.0, 62376.0, 796307.0, 373283.0, 101523.0, 120710.0, 50861.0, 84737.0]",330
"[265666.0, 416508.0, 1139797.0, 475984.0, 120710.0, 179098.0, 50861.0, 54866.0, 453451.0, 383010.0]",331
"[120710.0, 110516.0, 1758795.0, 301181.0, 9018.0, 298130.0, 398017.0, 227005.0, 253867.0, 90022.0]",332
"[250305.0, 290538.0, 227005.0, 354575.0, 828154.0, 1796406.0, 61473.0, 416508.0, 2562232.0, 327437.0]",333
"[227005.0, 1001526.0, 1164999.0, 453451.0, 162677.0, 95652.0, 36868.0, 87688.0, 118540.0, 179098.0]",334
"[373283.0, 151137.0, 159365.0, 475984.0, 416508.0, 162677.0, 62376.0, 1972571.0, 97100.0, 251114.0]",335
"[101523.0, 179098.0, 120710.0, 796307.0, 186726.0, 36868.0, 100200.0, 1095174.0, 54866.0, 90022.0]",336
"[848228.0, 250305.0, 290538.0, 373283.0, 83791.0, 2562232.0, 61473.0, 860906.0, 762138.0, 86190.0]",337
"[354575.0, 100200.0, 1164999.0, 36868.0, 265666.0, 453451.0, 95652.0, 96794.0, 2562232.0, 860906.0]",338
"[265666.0, 87688.0, 227005.0, 62376.0, 39739.0, 97100.0, 1139797.0, 50861.0, 110363.0, 416508.0]",339
"[250305.0, 290538.0, 227005.0, 91344.0, 80907.0, 796307.0, 110363.0, 83791.0, 85701.0, 179098.0]",340
"[265666.0, 416508.0, 179098.0, 250305.0, 290538.0, 101523.0, 120710.0, 1704292.0, 207805.0, 126938.0]",341
"[250305.0, 290538.0, 162677.0, 373283.0, 118540.0, 62824.0, 87688.0, 28315.0, 70608.0, 210382.0]",342
"[250305.0, 290538.0, 373283.0, 327437.0, 82288.0, 860906.0, 848228.0, 70608.0, 86190.0, 50861.0]",343
"[416508.0, 87688.0, 373283.0, 265666.0, 490084.0, 475984.0, 50861.0, 227005.0, 159365.0, 796307.0]",344
"[62376.0, 73195.0, 383010.0, 978764.0, 1655460.0, 87688.0, 265666.0, 246645.0, 68817.0, 1796406.0]",345
"[1001526.0, 91344.0, 250305.0, 290538.0, 327437.0, 70608.0, 86190.0, 28315.0, 110363.0, 80907.0]",346
"[250305.0, 290538.0, 373283.0, 860906.0, 475984.0, 848228.0, 86190.0, 70608.0, 327437.0, 162677.0]",347
"[265666.0, 179098.0, 101523.0, 978764.0, 120710.0, 54866.0, 398017.0, 151137.0, 39739.0, 1758795.0]",348
"[265666.0, 978764.0, 179098.0, 398017.0, 227005.0, 1139797.0, 101523.0, 54866.0, 1186369.0, 39739.0]",349
"[265666.0, 978764.0, 1139797.0, 179098.0, 210382.0, 416508.0, 1164999.0, 1655460.0, 1001526.0, 398017.0]",350
"[265666.0, 416508.0, 97100.0, 210382.0, 1186369.0, 105128.0, 2178470.0, 383010.0, 1139797.0, 87688.0]",351
"[416508.0, 151137.0, 91344.0, 73195.0, 70608.0, 82288.0, 50861.0, 28315.0, 39739.0, 80907.0]",352
"[62824.0, 373283.0, 62376.0, 1001526.0, 1796406.0, 3605164.0, 1139797.0, 1748227.0, 80907.0, 227005.0]",353
"[227005.0, 490084.0, 398017.0, 796307.0, 101523.0, 210616.0, 416508.0, 100200.0, 2562232.0, 1758795.0]",354
"[87688.0, 62376.0, 453451.0, 1186369.0, 50861.0, 265666.0, 828154.0, 227005.0, 416508.0, 490084.0]",355
"[227005.0, 120710.0, 186726.0, 9018.0, 110516.0, 95652.0, 240900.0, 101523.0, 1655460.0, 1186369.0]",356
"[250305.0, 290538.0, 416508.0, 828154.0, 210382.0, 118055.0, 354575.0, 978764.0, 3605164.0, 107843.0]",357
"[416508.0, 50861.0, 265666.0, 210382.0, 373283.0, 97100.0, 70608.0, 3605164.0, 62376.0, 233841.0]",358
"[416508.0, 151137.0, 82288.0, 68817.0, 210382.0, 354575.0, 2178470.0, 828154.0, 233841.0, 54866.0]",359
"[80907.0, 151137.0, 179098.0, 373283.0, 265666.0, 62824.0, 118540.0, 475984.0, 298130.0, 91344.0]",360
"[250305.0, 290538.0, 475984.0, 70608.0, 373283.0, 327437.0, 50861.0, 246645.0, 82288.0, 73195.0]",361
"[73195.0, 1001526.0, 383010.0, 1796406.0, 1139797.0, 2562232.0, 2178470.0, 68817.0, 210382.0, 354575.0]",362
"[250305.0, 290538.0, 416508.0, 2562232.0, 126938.0, 354575.0, 91344.0, 101523.0, 1164999.0, 107843.0]",363
"[416508.0, 246645.0, 227005.0, 120710.0, 179098.0, 383010.0, 475984.0, 828154.0, 50861.0, 101523.0]",364
"[383010.0, 1796406.0, 46268.0, 62376.0, 1001526.0, 416508.0, 762138.0, 3605164.0, 105128.0, 91344.0]",365
"[9018.0, 3622592.0, 28315.0, 62824.0, 307479.0, 87197.0, 82085.0, 120710.0, 120780.0, 90022.0]",366
"[73195.0, 250305.0, 290538.0, 50861.0, 59050.0, 3605164.0, 62824.0, 84737.0, 97100.0, 373283.0]",367
"[250305.0, 290538.0, 796307.0, 108260.0, 61473.0, 490084.0, 1655460.0, 762138.0, 46268.0, 100200.0]",368
"[179098.0, 54866.0, 265666.0, 2562232.0, 1164999.0, 3605164.0, 159365.0, 416508.0, 62376.0, 354575.0]",369
"[265666.0, 416508.0, 87688.0, 97100.0, 1164999.0, 210382.0, 179098.0, 91344.0, 453451.0, 83791.0]",370
"[227005.0, 250305.0, 290538.0, 110363.0, 62376.0, 87688.0, 62824.0, 110516.0, 118055.0, 50861.0]",371
"[250305.0, 290538.0, 28315.0, 475984.0, 327437.0, 240900.0, 762138.0, 162677.0, 84737.0, 110516.0]",372
"[50861.0, 373283.0, 416508.0, 183659.0, 3605164.0, 87688.0, 210382.0, 162677.0, 1186369.0, 70608.0]",373
"[373283.0, 250305.0, 290538.0, 265666.0, 796307.0, 475984.0, 162677.0, 118540.0, 105128.0, 978764.0]",374
"[3605164.0, 227005.0, 210382.0, 398017.0, 354575.0, 118055.0, 828154.0, 1164999.0, 82085.0, 183659.0]",375
"[416508.0, 475984.0, 383010.0, 265666.0, 246645.0, 50861.0, 87688.0, 68817.0, 398017.0, 97100.0]",376
"[62376.0, 83791.0, 373283.0, 82288.0, 1139797.0, 68817.0, 46268.0, 210616.0, 327437.0, 73195.0]",377
"[210382.0, 828154.0, 3605164.0, 416508.0, 373283.0, 210616.0, 978764.0, 1186369.0, 159365.0, 179098.0]",378
"[1164999.0, 83791.0, 828154.0, 106262.0, 3605164.0, 183659.0, 1001526.0, 1972571.0, 162677.0, 354575.0]",379
"[1001526.0, 87688.0, 2562232.0, 416508.0, 354575.0, 210382.0, 83791.0, 1972571.0, 828154.0, 86190.0]",380
"[250305.0, 290538.0, 416508.0, 265666.0, 120710.0, 475984.0, 126938.0, 101523.0, 179098.0, 453451.0]",381
"[91344.0, 83791.0, 70608.0, 250305.0, 290538.0, 82288.0, 490084.0, 210616.0, 327437.0, 110363.0]",382
"[62376.0, 250305.0, 290538.0, 120710.0, 186726.0, 87688.0, 327437.0, 1704292.0, 1139797.0, 762138.0]",383
"[250305.0, 290538.0, 83791.0, 1748227.0, 2562232.0, 162677.0, 1001526.0, 1164999.0, 62824.0, 106262.0]",384
"[398017.0, 61473.0, 100200.0, 354575.0, 227005.0, 828154.0, 82085.0, 118055.0, 3605164.0, 796307.0]",385
"[416508.0, 210382.0, 373283.0, 265666.0, 475984.0, 162677.0, 159365.0, 1186369.0, 151137.0, 1164999.0]",386
"[250305.0, 290538.0, 62824.0, 1186369.0, 97100.0, 848228.0, 227005.0, 105128.0, 383010.0, 70608.0]",387
"[373283.0, 62376.0, 327437.0, 61473.0, 416508.0, 227005.0, 1972571.0, 70608.0, 246645.0, 73195.0]",388
"[250305.0, 290538.0, 373283.0, 61473.0, 210616.0, 91344.0, 327437.0, 762138.0, 70608.0, 162677.0]",389
"[416508.0, 250305.0, 290538.0, 3605164.0, 97100.0, 1186369.0, 398017.0, 1655460.0, 860906.0, 50861.0]",390
"[475984.0, 1655460.0, 84737.0, 70608.0, 327437.0, 383010.0, 28315.0, 50861.0, 453451.0, 162677.0]",391
"[227005.0, 265666.0, 1758795.0, 87197.0, 179098.0, 3622592.0, 2562232.0, 253867.0, 1655460.0, 9018.0]",392
"[416508.0, 265666.0, 398017.0, 210382.0, 2562232.0, 50861.0, 118055.0, 1758795.0, 126938.0, 3605164.0]",393
"[250305.0, 290538.0, 1001526.0, 227005.0, 383010.0, 50861.0, 120780.0, 2562232.0, 141369.0, 80907.0]",394
"[3605164.0, 373283.0, 307479.0, 86190.0, 354575.0, 73195.0, 83791.0, 82288.0, 1164999.0, 91344.0]",395
"[87688.0, 354575.0, 307479.0, 97100.0, 210382.0, 62824.0, 416508.0, 65134.0, 73195.0, 848228.0]",396
"[91344.0, 54866.0, 186726.0, 126938.0, 100200.0, 359013.0, 59050.0, 490084.0, 1704292.0, 210616.0]",397
"[354575.0, 828154.0, 118055.0, 1001526.0, 120780.0, 210616.0, 359013.0, 1758795.0, 1796406.0, 91344.0]",398
"[416508.0, 250305.0, 290538.0, 87688.0, 828154.0, 475984.0, 246645.0, 762138.0, 207805.0, 62376.0]",399
"[1001526.0, 2562232.0, 101523.0, 1186369.0, 354575.0, 179098.0, 39739.0, 1095174.0, 108260.0, 86190.0]",400
"[250305.0, 290538.0, 3605164.0, 373283.0, 354575.0, 848228.0, 860906.0, 828154.0, 307479.0, 46268.0]",401
"[250305.0, 290538.0, 978764.0, 416508.0, 265666.0, 118055.0, 1655460.0, 97100.0, 2562232.0, 3605164.0]",402
"[250305.0, 290538.0, 73195.0, 327437.0, 162677.0, 860906.0, 84737.0, 475984.0, 61473.0, 848228.0]",403
"[3605164.0, 1164999.0, 2562232.0, 210382.0, 179098.0, 1001526.0, 265666.0, 118055.0, 359013.0, 100200.0]",404
"[3605164.0, 87688.0, 373283.0, 120710.0, 118540.0, 80907.0, 475984.0, 70608.0, 1972571.0, 2178470.0]",405
"[3605164.0, 416508.0, 828154.0, 354575.0, 210382.0, 61473.0, 2866360.0, 1655460.0, 373283.0, 210616.0]",406
"[250305.0, 290538.0, 265666.0, 1186369.0, 848228.0, 383010.0, 97100.0, 796307.0, 105128.0, 828154.0]",407
"[860906.0, 61473.0, 68817.0, 233841.0, 46268.0, 398017.0, 327437.0, 250305.0, 290538.0, 373283.0]",408
"[265666.0, 416508.0, 126938.0, 101523.0, 1186369.0, 1095174.0, 54866.0, 179098.0, 796307.0, 1796406.0]",409
"[83791.0, 2866360.0, 3605164.0, 354575.0, 1164999.0, 307479.0, 2562232.0, 118055.0, 828154.0, 46268.0]",410
"[246645.0, 828154.0, 118055.0, 762138.0, 1095174.0, 101523.0, 978764.0, 183659.0, 120780.0, 54866.0]",411
"[46268.0, 83791.0, 87197.0, 73195.0, 327437.0, 118055.0, 359013.0, 151137.0, 101523.0, 1758795.0]",412
"[73195.0, 46268.0, 83791.0, 848228.0, 359013.0, 307479.0, 354575.0, 118055.0, 373283.0, 3605164.0]",413
"[416508.0, 1186369.0, 210382.0, 828154.0, 50861.0, 3605164.0, 62376.0, 1001526.0, 762138.0, 87688.0]",414
"[250305.0, 290538.0, 475984.0, 118540.0, 80907.0, 162677.0, 246645.0, 28315.0, 61473.0, 327437.0]",415
"[87688.0, 3605164.0, 265666.0, 796307.0, 118540.0, 373283.0, 110363.0, 227005.0, 250305.0, 290538.0]",416
"[416508.0, 3605164.0, 87688.0, 475984.0, 265666.0, 246645.0, 80907.0, 97100.0, 327437.0, 50861.0]",417
"[91344.0, 3605164.0, 1758795.0, 265666.0, 796307.0, 1139797.0, 54866.0, 186726.0, 240900.0, 1095174.0]",418
"[354575.0, 3605164.0, 1001526.0, 828154.0, 416508.0, 2562232.0, 120710.0, 82085.0, 373283.0, 120780.0]",419
"[3605164.0, 87688.0, 354575.0, 2562232.0, 227005.0, 1748227.0, 68817.0, 1186369.0, 118055.0, 210382.0]",420
"[373283.0, 87688.0, 61473.0, 250305.0, 290538.0, 848228.0, 62824.0, 70608.0, 118540.0, 251114.0]",421
"[416508.0, 73195.0, 210382.0, 828154.0, 246645.0, 227005.0, 50861.0, 1186369.0, 398017.0, 265666.0]",422
"[3605164.0, 250305.0, 290538.0, 210382.0, 46268.0, 87688.0, 62824.0, 227005.0, 1186369.0, 233841.0]",423
"[227005.0, 210382.0, 978764.0, 1186369.0, 68817.0, 179098.0, 42832.0, 1139797.0, 62376.0, 95652.0]",424
"[373283.0, 250305.0, 290538.0, 162677.0, 91344.0, 118540.0, 327437.0, 1972571.0, 46268.0, 848228.0]",425
"[141369.0, 1748227.0, 91344.0, 68817.0, 1139797.0, 2562232.0, 265666.0, 110363.0, 80907.0, 210616.0]",426
"[416508.0, 210382.0, 978764.0, 118055.0, 91344.0, 118540.0, 62376.0, 373283.0, 42832.0, 828154.0]",427
"[227005.0, 416508.0, 62376.0, 246645.0, 1758795.0, 62824.0, 1186369.0, 210382.0, 1796406.0, 373283.0]",428
"[978764.0, 186726.0, 1186369.0, 101523.0, 120710.0, 265666.0, 383010.0, 118055.0, 301181.0, 398017.0]",429
"[416508.0, 120710.0, 210382.0, 179098.0, 101523.0, 796307.0, 227005.0, 118055.0, 298130.0, 1095174.0]",430
"[227005.0, 250305.0, 290538.0, 62376.0, 373283.0, 3605164.0, 87688.0, 383010.0, 145653.0, 416508.0]",431
"[68817.0, 73195.0, 210382.0, 62824.0, 3605164.0, 1186369.0, 359013.0, 1748227.0, 80907.0, 42832.0]",432
"[416508.0, 265666.0, 1186369.0, 62376.0, 3605164.0, 210382.0, 978764.0, 383010.0, 307479.0, 106834.0]",433
"[416508.0, 50861.0, 210382.0, 327437.0, 1186369.0, 91344.0, 1748227.0, 383010.0, 298130.0, 118055.0]",434
"[250305.0, 290538.0, 373283.0, 860906.0, 80907.0, 86190.0, 70608.0, 848228.0, 251114.0, 118540.0]",435
"[250305.0, 290538.0, 3605164.0, 210616.0, 162677.0, 118540.0, 110363.0, 246645.0, 373283.0, 87688.0]",436
"[1758795.0, 210616.0, 398017.0, 1655460.0, 59050.0, 100200.0, 61473.0, 90022.0, 3605164.0, 373283.0]",437
"[416508.0, 73195.0, 828154.0, 327437.0, 354575.0, 210382.0, 1796406.0, 1186369.0, 383010.0, 3605164.0]",438
"[373283.0, 2562232.0, 68817.0, 50861.0, 210382.0, 250305.0, 290538.0, 118540.0, 383010.0, 80907.0]",439
"[1704292.0, 354575.0, 373283.0, 3605164.0, 36868.0, 59050.0, 46268.0, 210616.0, 848228.0, 83791.0]",440
"[250305.0, 290538.0, 416508.0, 87688.0, 227005.0, 61473.0, 3605164.0, 210616.0, 62376.0, 162677.0]",441
"[87688.0, 246645.0, 416508.0, 3605164.0, 50861.0, 70608.0, 1001526.0, 62376.0, 2562232.0, 1972571.0]",442
"[250305.0, 290538.0, 50861.0, 265666.0, 105128.0, 84737.0, 28315.0, 1139797.0, 126938.0, 475984.0]",443
"[227005.0, 978764.0, 1186369.0, 62824.0, 87688.0, 73195.0, 100200.0, 46268.0, 179098.0, 59050.0]",444
"[179098.0, 978764.0, 95652.0, 54866.0, 1796406.0, 1758795.0, 227005.0, 101523.0, 1001526.0, 120710.0]",445
"[250305.0, 290538.0, 416508.0, 475984.0, 265666.0, 101523.0, 87688.0, 50861.0, 207805.0, 82085.0]",446
"[62824.0, 65134.0, 475984.0, 373283.0, 97100.0, 251114.0, 265666.0, 159365.0, 62376.0, 87688.0]",447
"[265666.0, 978764.0, 87688.0, 73195.0, 68817.0, 1748227.0, 848228.0, 1186369.0, 50861.0, 3605164.0]",448
"[416508.0, 1001526.0, 210382.0, 383010.0, 1186369.0, 828154.0, 2562232.0, 3605164.0, 1164999.0, 50861.0]",449
"[3605164.0, 120710.0, 298130.0, 87197.0, 250305.0, 290538.0, 354575.0, 1796406.0, 207805.0, 210382.0]",450
"[250305.0, 290538.0, 210382.0, 373283.0, 80907.0, 118540.0, 828154.0, 327437.0, 416508.0, 354575.0]",451
"[50861.0, 373283.0, 227005.0, 3605164.0, 70608.0, 118540.0, 62376.0, 87688.0, 183659.0, 207805.0]",452
"[227005.0, 373283.0, 398017.0, 61473.0, 162677.0, 118540.0, 42832.0, 1972571.0, 1186369.0, 80907.0]",453
"[250305.0, 290538.0, 848228.0, 828154.0, 490084.0, 762138.0, 3605164.0, 2562232.0, 50861.0, 354575.0]",454
"[73195.0, 1186369.0, 80907.0, 227005.0, 307479.0, 59050.0, 2866360.0, 1139797.0, 359013.0, 46268.0]",455
"[73195.0, 210382.0, 87688.0, 86190.0, 373283.0, 110363.0, 141369.0, 3605164.0, 1139797.0, 179098.0]",456
"[416508.0, 62376.0, 227005.0, 210382.0, 828154.0, 2562232.0, 179098.0, 398017.0, 1186369.0, 1796406.0]",457
"[3605164.0, 87688.0, 83791.0, 62376.0, 796307.0, 354575.0, 762138.0, 118055.0, 210382.0, 100200.0]",458
"[250305.0, 290538.0, 416508.0, 475984.0, 327437.0, 50861.0, 70608.0, 28315.0, 246645.0, 87688.0]",459
"[416508.0, 210382.0, 250305.0, 290538.0, 2178470.0, 207805.0, 50861.0, 39739.0, 141369.0, 233841.0]",460
"[2562232.0, 416508.0, 62376.0, 1796406.0, 227005.0, 354575.0, 50861.0, 1758795.0, 373283.0, 453451.0]",461
"[265666.0, 179098.0, 54866.0, 1796406.0, 1758795.0, 1095174.0, 978764.0, 126938.0, 101523.0, 110516.0]",462
"[62376.0, 3605164.0, 416508.0, 246645.0, 87688.0, 50861.0, 327437.0, 373283.0, 354575.0, 68817.0]",463
"[250305.0, 290538.0, 416508.0, 62376.0, 475984.0, 50861.0, 87688.0, 210616.0, 373283.0, 84737.0]",464
"[416508.0, 50861.0, 246645.0, 265666.0, 1164999.0, 97100.0, 3605164.0, 250305.0, 290538.0, 828154.0]",465
"[475984.0, 84737.0, 796307.0, 416508.0, 50861.0, 28315.0, 82288.0, 70608.0, 327437.0, 159365.0]",466
"[265666.0, 80907.0, 95652.0, 978764.0, 227005.0, 1796406.0, 762138.0, 179098.0, 1186369.0, 54866.0]",467
"[3605164.0, 416508.0, 227005.0, 354575.0, 105128.0, 233841.0, 1655460.0, 145653.0, 80907.0, 373283.0]",468
"[73195.0, 62376.0, 118540.0, 3605164.0, 246645.0, 383010.0, 210382.0, 327437.0, 373283.0, 210616.0]",469
"[398017.0, 1758795.0, 100200.0, 90022.0, 87197.0, 2866360.0, 227005.0, 110516.0, 61473.0, 36868.0]",470
"[250305.0, 290538.0, 373283.0, 70608.0, 65134.0, 91344.0, 83791.0, 62824.0, 848228.0, 85701.0]",471
"[250305.0, 290538.0, 3605164.0, 210382.0, 68817.0, 354575.0, 62824.0, 73195.0, 1186369.0, 227005.0]",472
"[250305.0, 290538.0, 848228.0, 373283.0, 1704292.0, 73195.0, 95652.0, 91344.0, 860906.0, 828154.0]",473
"[210616.0, 250305.0, 290538.0, 162677.0, 227005.0, 327437.0, 860906.0, 61473.0, 475984.0, 416508.0]",474
"[416508.0, 62376.0, 373283.0, 87688.0, 227005.0, 3605164.0, 210616.0, 1796406.0, 210382.0, 183659.0]",475
"[250305.0, 290538.0, 416508.0, 327437.0, 383010.0, 265666.0, 475984.0, 162677.0, 80907.0, 62376.0]",476
"[848228.0, 83791.0, 3605164.0, 46268.0, 373283.0, 307479.0, 2866360.0, 73195.0, 61473.0, 1001526.0]",477
"[227005.0, 416508.0, 453451.0, 1001526.0, 265666.0, 179098.0, 1164999.0, 50861.0, 90022.0, 120710.0]",478
"[416508.0, 1001526.0, 2562232.0, 210382.0, 151137.0, 179098.0, 97100.0, 62376.0, 265666.0, 118055.0]",479
"[73195.0, 1001526.0, 373283.0, 106262.0, 307479.0, 1139797.0, 42832.0, 398017.0, 59050.0, 186726.0]",480
"[416508.0, 3605164.0, 62376.0, 265666.0, 46268.0, 227005.0, 453451.0, 354575.0, 159365.0, 383010.0]",481
"[265666.0, 83791.0, 1001526.0, 68817.0, 82288.0, 1164999.0, 73195.0, 91344.0, 307479.0, 97100.0]",482
"[250305.0, 290538.0, 62824.0, 475984.0, 28315.0, 70608.0, 1748227.0, 87688.0, 65134.0, 141369.0]",483
"[73195.0, 62376.0, 83791.0, 373283.0, 151137.0, 106262.0, 46268.0, 82288.0, 860906.0, 327437.0]",484
"[227005.0, 398017.0, 265666.0, 95652.0, 90022.0, 186726.0, 978764.0, 179098.0, 151137.0, 110363.0]",485
"[416508.0, 265666.0, 383010.0, 475984.0, 62824.0, 50861.0, 179098.0, 1001526.0, 210382.0, 120710.0]",486
"[490084.0, 354575.0, 250305.0, 290538.0, 373283.0, 1704292.0, 61473.0, 87688.0, 100200.0, 42832.0]",487
"[120710.0, 1655460.0, 186726.0, 1758795.0, 87197.0, 90022.0, 179098.0, 453451.0, 354575.0, 2562232.0]",488
"[250305.0, 290538.0, 373283.0, 398017.0, 762138.0, 301181.0, 28315.0, 796307.0, 253867.0, 848228.0]",489
"[227005.0, 68817.0, 73195.0, 59050.0, 120780.0, 1186369.0, 1001526.0, 110363.0, 1748227.0, 398017.0]",490
"[3605164.0, 120710.0, 416508.0, 383010.0, 475984.0, 250305.0, 290538.0, 354575.0, 796307.0, 105128.0]",491
"[828154.0, 354575.0, 83791.0, 416508.0, 978764.0, 1095174.0, 118055.0, 3605164.0, 54866.0, 359013.0]",492
"[416508.0, 114663.0, 39739.0, 80907.0, 475984.0, 207805.0, 179098.0, 250305.0, 290538.0, 120710.0]",493
"[265666.0, 1748227.0, 68817.0, 87688.0, 73195.0, 1186369.0, 978764.0, 383010.0, 62824.0, 210382.0]",494
"[61473.0, 475984.0, 162677.0, 9018.0, 373283.0, 250305.0, 290538.0, 227005.0, 118540.0, 100200.0]",495
"[373283.0, 227005.0, 87688.0, 62376.0, 80907.0, 46268.0, 848228.0, 61473.0, 210382.0, 978764.0]",496
"[87688.0, 62376.0, 416508.0, 3605164.0, 265666.0, 97100.0, 354575.0, 250305.0, 290538.0, 1758795.0]",497
"[1758795.0, 120710.0, 9018.0, 1655460.0, 227005.0, 179098.0, 110516.0, 84737.0, 50861.0, 453451.0]",498
"[250305.0, 290538.0, 475984.0, 28315.0, 762138.0, 207805.0, 87688.0, 227005.0, 62824.0, 110363.0]",499
"[250305.0, 290538.0, 416508.0, 475984.0, 101523.0, 87688.0, 265666.0, 796307.0, 50861.0, 62376.0]",500
"[227005.0, 416508.0, 1139797.0, 90022.0, 2562232.0, 9018.0, 62376.0, 179098.0, 87688.0, 145653.0]",501
"[416508.0, 1001526.0, 1164999.0, 828154.0, 3605164.0, 354575.0, 97100.0, 978764.0, 120710.0, 1796406.0]",502
"[1001526.0, 246645.0, 828154.0, 120710.0, 73195.0, 383010.0, 416508.0, 1796406.0, 118055.0, 82085.0]",503
"[227005.0, 59050.0, 9018.0, 87197.0, 2866360.0, 90022.0, 398017.0, 240900.0, 80907.0, 1758795.0]",504
"[250305.0, 290538.0, 62376.0, 87688.0, 210382.0, 416508.0, 227005.0, 1748227.0, 50861.0, 1758795.0]",505
"[416508.0, 475984.0, 84737.0, 106262.0, 265666.0, 250305.0, 290538.0, 354575.0, 828154.0, 73195.0]",506
"[1001526.0, 2562232.0, 83791.0, 82085.0, 86190.0, 91344.0, 179098.0, 828154.0, 118055.0, 110363.0]",507
"[354575.0, 227005.0, 210382.0, 398017.0, 828154.0, 1001526.0, 61473.0, 2562232.0, 83791.0, 118055.0]",508
"[373283.0, 227005.0, 265666.0, 62376.0, 159365.0, 383010.0, 207805.0, 796307.0, 416508.0, 1655460.0]",509
"[250305.0, 290538.0, 416508.0, 265666.0, 1186369.0, 50861.0, 2562232.0, 210382.0, 101523.0, 383010.0]",510
"[250305.0, 290538.0, 210382.0, 3605164.0, 62824.0, 227005.0, 87688.0, 1186369.0, 1748227.0, 848228.0]",511
"[179098.0, 265666.0, 227005.0, 1001526.0, 62824.0, 2562232.0, 978764.0, 39739.0, 210382.0, 207805.0]",512
"[87688.0, 416508.0, 227005.0, 3605164.0, 828154.0, 62376.0, 354575.0, 210616.0, 210382.0, 1655460.0]",513
"[250305.0, 290538.0, 828154.0, 354575.0, 416508.0, 210382.0, 848228.0, 978764.0, 3605164.0, 183659.0]",514
"[250305.0, 290538.0, 373283.0, 327437.0, 87688.0, 61473.0, 246645.0, 860906.0, 848228.0, 828154.0]",515
"[373283.0, 87688.0, 210616.0, 62376.0, 227005.0, 118055.0, 73195.0, 118540.0, 354575.0, 828154.0]",516
"[120710.0, 100200.0, 101523.0, 1758795.0, 490084.0, 301181.0, 61473.0, 453451.0, 36868.0, 398017.0]",517
"[68817.0, 106834.0, 87688.0, 210382.0, 416508.0, 91344.0, 151137.0, 86190.0, 1972571.0, 70608.0]",518
"[246645.0, 416508.0, 91344.0, 860906.0, 2178470.0, 210616.0, 87688.0, 28315.0, 828154.0, 106262.0]",519
"[227005.0, 373283.0, 145653.0, 62376.0, 210382.0, 1164999.0, 398017.0, 416508.0, 828154.0, 162677.0]",520
"[265666.0, 416508.0, 475984.0, 162677.0, 250305.0, 290538.0, 373283.0, 97100.0, 87688.0, 105128.0]",521
"[70608.0, 80907.0, 475984.0, 373283.0, 68817.0, 1972571.0, 159365.0, 490084.0, 145653.0, 251114.0]",522
"[87688.0, 62376.0, 73195.0, 373283.0, 475984.0, 250305.0, 290538.0, 68817.0, 62824.0, 70608.0]",523
"[250305.0, 290538.0, 373283.0, 227005.0, 61473.0, 240900.0, 327437.0, 210616.0, 1655460.0, 9018.0]",524
"[398017.0, 373283.0, 1704292.0, 96794.0, 59050.0, 179098.0, 80907.0, 62824.0, 490084.0, 65134.0]",525
"[828154.0, 327437.0, 307479.0, 83791.0, 354575.0, 1796406.0, 97100.0, 87197.0, 62376.0, 65134.0]",526
"[227005.0, 398017.0, 61473.0, 90022.0, 373283.0, 62376.0, 265666.0, 210616.0, 1655460.0, 251114.0]",527
"[227005.0, 265666.0, 179098.0, 796307.0, 62376.0, 61473.0, 453451.0, 101523.0, 87688.0, 978764.0]",528
"[250305.0, 290538.0, 1655460.0, 416508.0, 50861.0, 796307.0, 183659.0, 828154.0, 227005.0, 100200.0]",529
"[250305.0, 290538.0, 3605164.0, 416508.0, 1164999.0, 354575.0, 1139797.0, 265666.0, 2562232.0, 210616.0]",530
"[250305.0, 290538.0, 416508.0, 1655460.0, 1758795.0, 210616.0, 1095174.0, 3605164.0, 118055.0, 301181.0]",531
"[61473.0, 73195.0, 3605164.0, 62376.0, 83791.0, 848228.0, 210616.0, 82288.0, 227005.0, 87688.0]",532
"[307479.0, 327437.0, 848228.0, 83791.0, 73195.0, 141369.0, 2562232.0, 97100.0, 151137.0, 100200.0]",533
"[73195.0, 373283.0, 848228.0, 91344.0, 59050.0, 359013.0, 68817.0, 80907.0, 1972571.0, 860906.0]",534
"[80907.0, 70608.0, 251114.0, 227005.0, 62824.0, 373283.0, 73195.0, 762138.0, 1972571.0, 179098.0]",535
"[1001526.0, 373283.0, 62824.0, 2562232.0, 250305.0, 290538.0, 70608.0, 848228.0, 251114.0, 28315.0]",536
"[250305.0, 290538.0, 46268.0, 373283.0, 62376.0, 87688.0, 1758795.0, 91344.0, 383010.0, 2178470.0]",537
"[3605164.0, 210616.0, 62376.0, 1655460.0, 373283.0, 46268.0, 227005.0, 162677.0, 1758795.0, 118540.0]",538
"[265666.0, 416508.0, 97100.0, 2562232.0, 3605164.0, 1164999.0, 179098.0, 54866.0, 1796406.0, 210382.0]",539
"[179098.0, 120710.0, 126938.0, 54866.0, 101523.0, 490084.0, 978764.0, 1758795.0, 301181.0, 1095174.0]",540
"[265666.0, 246645.0, 118055.0, 101523.0, 828154.0, 120710.0, 1758795.0, 416508.0, 978764.0, 1095174.0]",541
"[246645.0, 1001526.0, 80907.0, 110363.0, 162677.0, 265666.0, 62824.0, 36868.0, 1972571.0, 373283.0]",542
"[398017.0, 59050.0, 373283.0, 46268.0, 1704292.0, 2866360.0, 90022.0, 54866.0, 9018.0, 359013.0]",543
"[416508.0, 246645.0, 73195.0, 87688.0, 46268.0, 828154.0, 3605164.0, 162677.0, 1655460.0, 1758795.0]",544
"[416508.0, 828154.0, 210382.0, 475984.0, 1186369.0, 1164999.0, 151137.0, 97100.0, 85701.0, 101523.0]",545
"[250305.0, 290538.0, 2562232.0, 762138.0, 828154.0, 354575.0, 383010.0, 860906.0, 327437.0, 227005.0]",546
"[250305.0, 290538.0, 62376.0, 46268.0, 227005.0, 105128.0, 307479.0, 3605164.0, 73195.0, 210382.0]",547
"[227005.0, 62824.0, 162677.0, 210382.0, 762138.0, 28315.0, 383010.0, 1186369.0, 250305.0, 290538.0]",548
"[227005.0, 398017.0, 210382.0, 68817.0, 162677.0, 373283.0, 118540.0, 1655460.0, 87688.0, 73195.0]",549
"[416508.0, 265666.0, 101523.0, 1655460.0, 179098.0, 54866.0, 120710.0, 978764.0, 475984.0, 50861.0]",550
"[70608.0, 250305.0, 290538.0, 73195.0, 96794.0, 84737.0, 28315.0, 141369.0, 50861.0, 828154.0]",551
"[1186369.0, 68817.0, 210382.0, 416508.0, 227005.0, 265666.0, 398017.0, 46268.0, 159365.0, 73195.0]",552
"[82288.0, 73195.0, 70608.0, 848228.0, 83791.0, 3605164.0, 86190.0, 373283.0, 251114.0, 87688.0]",553
"[265666.0, 416508.0, 50861.0, 1186369.0, 210382.0, 1001526.0, 796307.0, 62376.0, 2562232.0, 490084.0]",554
"[373283.0, 398017.0, 1972571.0, 87688.0, 68817.0, 250305.0, 290538.0, 118540.0, 151137.0, 162677.0]",555
"[848228.0, 373283.0, 87688.0, 1655460.0, 210382.0, 46268.0, 307479.0, 3605164.0, 61473.0, 118540.0]",556
"[475984.0, 416508.0, 28315.0, 250305.0, 290538.0, 118540.0, 62376.0, 240900.0, 50861.0, 101523.0]",557
"[373283.0, 62824.0, 265666.0, 1001526.0, 1139797.0, 126938.0, 159365.0, 240900.0, 251114.0, 73195.0]",558
"[416508.0, 373283.0, 475984.0, 87688.0, 151137.0, 159365.0, 265666.0, 50861.0, 70608.0, 162677.0]",559
"[3605164.0, 354575.0, 848228.0, 307479.0, 82085.0, 762138.0, 46268.0, 1758795.0, 62824.0, 1164999.0]",560
"[227005.0, 70608.0, 73195.0, 68817.0, 1186369.0, 250305.0, 290538.0, 80907.0, 50861.0, 398017.0]",561
"[1001526.0, 70608.0, 50861.0, 73195.0, 68817.0, 110363.0, 62376.0, 86190.0, 82288.0, 87688.0]",562
"[250305.0, 290538.0, 46268.0, 162677.0, 1655460.0, 210616.0, 1758795.0, 227005.0, 28315.0, 383010.0]",563
"[416508.0, 210382.0, 828154.0, 354575.0, 106262.0, 398017.0, 1758795.0, 1655460.0, 183659.0, 101523.0]",564
"[101523.0, 126938.0, 265666.0, 179098.0, 120710.0, 1758795.0, 978764.0, 1095174.0, 87197.0, 186726.0]",565
"[73195.0, 68817.0, 354575.0, 359013.0, 210382.0, 85701.0, 118055.0, 233841.0, 1704292.0, 828154.0]",566
"[227005.0, 383010.0, 398017.0, 3605164.0, 796307.0, 1139797.0, 265666.0, 1186369.0, 179098.0, 162677.0]",567
"[80907.0, 250305.0, 290538.0, 62824.0, 68817.0, 141369.0, 70608.0, 39739.0, 1186369.0, 398017.0]",568
"[978764.0, 68817.0, 398017.0, 210382.0, 87688.0, 233841.0, 97100.0, 1186369.0, 100200.0, 373283.0]",569
"[83791.0, 59050.0, 95652.0, 62824.0, 848228.0, 9018.0, 1758795.0, 61473.0, 120780.0, 46268.0]",570
"[3605164.0, 118055.0, 227005.0, 210382.0, 298130.0, 183659.0, 307479.0, 59050.0, 354575.0, 46268.0]",571
"[227005.0, 3605164.0, 46268.0, 90022.0, 62376.0, 59050.0, 398017.0, 62824.0, 210382.0, 162677.0]",572
"[416508.0, 475984.0, 62376.0, 50861.0, 28315.0, 151137.0, 159365.0, 373283.0, 70608.0, 453451.0]",573
"[416508.0, 227005.0, 62376.0, 87688.0, 3605164.0, 796307.0, 265666.0, 1139797.0, 159365.0, 398017.0]",574
"[250305.0, 290538.0, 265666.0, 50861.0, 70608.0, 207805.0, 2178470.0, 114663.0, 84737.0, 105128.0]",575
"[416508.0, 62376.0, 87688.0, 250305.0, 290538.0, 210382.0, 227005.0, 210616.0, 162677.0, 2178470.0]",576
"[3605164.0, 373283.0, 354575.0, 416508.0, 265666.0, 100200.0, 36868.0, 233841.0, 97100.0, 145653.0]",577
"[3605164.0, 265666.0, 210382.0, 453451.0, 97100.0, 179098.0, 1139797.0, 59050.0, 120710.0, 327437.0]",578
"[265666.0, 1796406.0, 416508.0, 62376.0, 383010.0, 1139797.0, 2562232.0, 118055.0, 210382.0, 2178470.0]",579
"[62376.0, 373283.0, 416508.0, 87688.0, 151137.0, 162677.0, 179098.0, 2562232.0, 475984.0, 118540.0]",580
"[250305.0, 290538.0, 1164999.0, 151137.0, 73195.0, 90022.0, 265666.0, 159365.0, 68817.0, 1748227.0]",581
"[210616.0, 68817.0, 1186369.0, 416508.0, 120710.0, 978764.0, 1796406.0, 28315.0, 82288.0, 1095174.0]",582
"[416508.0, 828154.0, 250305.0, 290538.0, 327437.0, 1186369.0, 227005.0, 2562232.0, 91344.0, 762138.0]",583
"[250305.0, 290538.0, 373283.0, 62376.0, 848228.0, 159365.0, 1001526.0, 265666.0, 83791.0, 91344.0]",584
"[62824.0, 1001526.0, 70608.0, 28315.0, 106262.0, 82085.0, 828154.0, 848228.0, 475984.0, 91344.0]",585
"[1758795.0, 2866360.0, 3605164.0, 9018.0, 186726.0, 87197.0, 83791.0, 398017.0, 210616.0, 227005.0]",586
"[373283.0, 50861.0, 3605164.0, 105128.0, 159365.0, 359013.0, 85701.0, 42832.0, 796307.0, 398017.0]",587
"[62824.0, 265666.0, 80907.0, 3605164.0, 210382.0, 383010.0, 416508.0, 62376.0, 118540.0, 373283.0]",588
"[373283.0, 1655460.0, 398017.0, 91344.0, 860906.0, 848228.0, 1704292.0, 61473.0, 65134.0, 250305.0]",589
"[383010.0, 2562232.0, 246645.0, 490084.0, 265666.0, 227005.0, 416508.0, 796307.0, 105128.0, 373283.0]",590
"[978764.0, 227005.0, 62376.0, 265666.0, 1186369.0, 398017.0, 2562232.0, 210382.0, 87688.0, 100200.0]",591
"[250305.0, 290538.0, 848228.0, 762138.0, 59050.0, 1704292.0, 46268.0, 61473.0, 120780.0, 91344.0]",592
"[416508.0, 398017.0, 210382.0, 250305.0, 290538.0, 227005.0, 1758795.0, 50861.0, 301181.0, 1186369.0]",593
"[250305.0, 290538.0, 475984.0, 80907.0, 28315.0, 327437.0, 87688.0, 73195.0, 70608.0, 62824.0]",594
"[3605164.0, 416508.0, 227005.0, 246645.0, 210382.0, 46268.0, 2562232.0, 1186369.0, 162677.0, 62376.0]",595
"[250305.0, 290538.0, 210382.0, 227005.0, 416508.0, 162677.0, 398017.0, 87688.0, 383010.0, 475984.0]",596
"[416508.0, 70608.0, 50861.0, 106834.0, 246645.0, 28315.0, 62376.0, 39739.0, 107843.0, 91344.0]",597
"[70608.0, 1001526.0, 2562232.0, 3605164.0, 110363.0, 251114.0, 453451.0, 1164999.0, 82288.0, 246645.0]",598
"[250305.0, 290538.0, 62376.0, 475984.0, 28315.0, 3605164.0, 61473.0, 383010.0, 162677.0, 1139797.0]",599
"[416508.0, 50861.0, 120710.0, 62376.0, 383010.0, 73195.0, 1186369.0, 1001526.0, 475984.0, 1139797.0]",600
"[1164999.0, 398017.0, 179098.0, 91344.0, 42832.0, 151137.0, 82085.0, 1972571.0, 110516.0, 54866.0]",601
"[416508.0, 50861.0, 3605164.0, 354575.0, 490084.0, 101523.0, 120710.0, 828154.0, 383010.0, 2562232.0]",602
"[373283.0, 70608.0, 86190.0, 50861.0, 82288.0, 151137.0, 416508.0, 62376.0, 68817.0, 159365.0]",603
"[250305.0, 290538.0, 227005.0, 80907.0, 398017.0, 46268.0, 62824.0, 118540.0, 1972571.0, 373283.0]",604
"[250305.0, 290538.0, 83791.0, 73195.0, 106834.0, 39739.0, 68817.0, 95652.0, 91344.0, 110363.0]",605
"[210382.0, 796307.0, 227005.0, 162677.0, 118540.0, 62824.0, 265666.0, 373283.0, 39739.0, 416508.0]",606
"[373283.0, 82288.0, 1001526.0, 68817.0, 227005.0, 2562232.0, 1972571.0, 210382.0, 70608.0, 73195.0]",607
"[3605164.0, 46268.0, 210382.0, 106262.0, 68817.0, 106834.0, 159365.0, 359013.0, 1748227.0, 70608.0]",608
"[73195.0, 68817.0, 1186369.0, 120710.0, 1748227.0, 106262.0, 327437.0, 1139797.0, 83791.0, 70608.0]",609
"[3605164.0, 416508.0, 100200.0, 265666.0, 210382.0, 50861.0, 227005.0, 354575.0, 120710.0, 118055.0]",610
"[210382.0, 796307.0, 145653.0, 416508.0, 179098.0, 100200.0, 118540.0, 62824.0, 227005.0, 62376.0]",611
"[62376.0, 87688.0, 68817.0, 118055.0, 796307.0, 73195.0, 54866.0, 65134.0, 80907.0, 3605164.0]",612
"[359013.0, 227005.0, 73195.0, 82288.0, 68817.0, 80907.0, 91344.0, 83791.0, 95652.0, 82085.0]",613
"[210382.0, 62824.0, 354575.0, 227005.0, 179098.0, 59050.0, 108260.0, 1001526.0, 398017.0, 373283.0]",614
"[250305.0, 290538.0, 416508.0, 373283.0, 398017.0, 59050.0, 1704292.0, 9018.0, 1972571.0, 62376.0]",615
"[3605164.0, 210382.0, 327437.0, 118055.0, 298130.0, 307479.0, 97100.0, 848228.0, 87197.0, 83791.0]",616
"[416508.0, 354575.0, 978764.0, 1796406.0, 118055.0, 54866.0, 828154.0, 265666.0, 1095174.0, 1164999.0]",617
"[265666.0, 416508.0, 978764.0, 62376.0, 97100.0, 179098.0, 210382.0, 1186369.0, 105128.0, 227005.0]",618
"[373283.0, 159365.0, 62824.0, 46268.0, 162677.0, 251114.0, 796307.0, 227005.0, 2562232.0, 145653.0]",619
"[416508.0, 62376.0, 210382.0, 3605164.0, 383010.0, 210616.0, 50861.0, 118055.0, 227005.0, 1186369.0]",620
"[250305.0, 290538.0, 373283.0, 70608.0, 83791.0, 118540.0, 91344.0, 82288.0, 848228.0, 210382.0]",621
"[1001526.0, 118055.0, 183659.0, 110363.0, 1164999.0, 83791.0, 1139797.0, 62376.0, 2562232.0, 54866.0]",622
"[227005.0, 210382.0, 3605164.0, 1186369.0, 120780.0, 828154.0, 61473.0, 398017.0, 100200.0, 354575.0]",623
"[3605164.0, 416508.0, 250305.0, 290538.0, 110363.0, 373283.0, 62376.0, 70608.0, 227005.0, 50861.0]",624
"[227005.0, 1001526.0, 61473.0, 82085.0, 62376.0, 95652.0, 110363.0, 2562232.0, 251114.0, 762138.0]",625
"[416508.0, 398017.0, 179098.0, 978764.0, 101523.0, 1796406.0, 3605164.0, 227005.0, 62376.0, 1758795.0]",626
"[227005.0, 796307.0, 210382.0, 1186369.0, 265666.0, 398017.0, 179098.0, 373283.0, 80907.0, 475984.0]",627
"[978764.0, 227005.0, 1186369.0, 179098.0, 1139797.0, 796307.0, 265666.0, 59050.0, 95652.0, 490084.0]",628
"[80907.0, 179098.0, 265666.0, 210382.0, 39739.0, 97100.0, 73195.0, 68817.0, 62824.0, 50861.0]",629
"[416508.0, 475984.0, 265666.0, 179098.0, 101523.0, 796307.0, 84737.0, 50861.0, 120710.0, 126938.0]",630
"[73195.0, 106262.0, 828154.0, 85701.0, 68817.0, 83791.0, 359013.0, 120710.0, 354575.0, 1655460.0]",631
"[1186369.0, 62376.0, 73195.0, 416508.0, 978764.0, 383010.0, 68817.0, 210382.0, 97100.0, 87688.0]",632
"[3605164.0, 227005.0, 2562232.0, 1758795.0, 118055.0, 179098.0, 87197.0, 46268.0, 1095174.0, 54866.0]",633
"[475984.0, 62824.0, 70608.0, 50861.0, 250305.0, 290538.0, 80907.0, 162677.0, 28315.0, 373283.0]",634
"[62824.0, 978764.0, 59050.0, 179098.0, 42832.0, 210382.0, 250305.0, 290538.0, 73195.0, 1748227.0]",635
"[210382.0, 227005.0, 1186369.0, 87688.0, 265666.0, 978764.0, 179098.0, 62376.0, 1748227.0, 97100.0]",636
"[80907.0, 373283.0, 118540.0, 210382.0, 1972571.0, 251114.0, 62824.0, 162677.0, 73195.0, 68817.0]",637
"[475984.0, 50861.0, 28315.0, 70608.0, 250305.0, 290538.0, 84737.0, 246645.0, 327437.0, 9018.0]",638
"[87688.0, 416508.0, 62376.0, 3605164.0, 383010.0, 246645.0, 227005.0, 70608.0, 762138.0, 50861.0]",639
"[250305.0, 290538.0, 373283.0, 62376.0, 61473.0, 210616.0, 87688.0, 227005.0, 100200.0, 398017.0]",640
"[416508.0, 796307.0, 3605164.0, 475984.0, 101523.0, 978764.0, 87688.0, 265666.0, 62376.0, 210616.0]",641
"[828154.0, 250305.0, 290538.0, 354575.0, 3605164.0, 50861.0, 70608.0, 860906.0, 246645.0, 416508.0]",642
"[416508.0, 265666.0, 83791.0, 1001526.0, 97100.0, 1186369.0, 151137.0, 73195.0, 2562232.0, 91344.0]",643
"[416508.0, 87688.0, 62376.0, 210382.0, 265666.0, 227005.0, 1186369.0, 475984.0, 210616.0, 796307.0]",644
"[250305.0, 290538.0, 860906.0, 162677.0, 80907.0, 110363.0, 70608.0, 359013.0, 118540.0, 848228.0]",645
"[250305.0, 290538.0, 978764.0, 73195.0, 87688.0, 848228.0, 3605164.0, 265666.0, 46268.0, 210616.0]",646
"[416508.0, 354575.0, 70608.0, 1001526.0, 828154.0, 120710.0, 2562232.0, 151137.0, 82288.0, 1164999.0]",647
"[87688.0, 62376.0, 3605164.0, 453451.0, 246645.0, 120710.0, 100200.0, 61473.0, 179098.0, 416508.0]",648
"[265666.0, 62376.0, 250305.0, 290538.0, 416508.0, 398017.0, 978764.0, 227005.0, 1139797.0, 105128.0]",649
"[265666.0, 62376.0, 73195.0, 87688.0, 416508.0, 97100.0, 110363.0, 307479.0, 2178470.0, 118055.0]",650
"[250305.0, 290538.0, 70608.0, 373283.0, 50861.0, 860906.0, 327437.0, 416508.0, 82288.0, 848228.0]",651
"[250305.0, 290538.0, 246645.0, 87688.0, 3605164.0, 354575.0, 416508.0, 828154.0, 1001526.0, 118540.0]",652
"[250305.0, 290538.0, 327437.0, 210616.0, 828154.0, 416508.0, 61473.0, 354575.0, 1758795.0, 87688.0]",653
"[2562232.0, 62376.0, 70608.0, 87688.0, 90022.0, 50861.0, 1001526.0, 490084.0, 151137.0, 373283.0]",654
"[73195.0, 250305.0, 290538.0, 70608.0, 120780.0, 1001526.0, 82085.0, 359013.0, 42832.0, 68817.0]",655
"[762138.0, 126938.0, 373283.0, 62376.0, 227005.0, 327437.0, 416508.0, 82288.0, 978764.0, 233841.0]",656
"[383010.0, 3605164.0, 416508.0, 210382.0, 62376.0, 373283.0, 227005.0, 246645.0, 46268.0, 42832.0]",657
"[120710.0, 1758795.0, 1796406.0, 327437.0, 253867.0, 416508.0, 1095174.0, 210616.0, 87197.0, 28315.0]",658
"[265666.0, 416508.0, 227005.0, 490084.0, 82288.0, 327437.0, 1001526.0, 373283.0, 2562232.0, 1164999.0]",659
"[227005.0, 68817.0, 398017.0, 1758795.0, 73195.0, 1001526.0, 90022.0, 59050.0, 118055.0, 82288.0]",660
"[83791.0, 1655460.0, 62376.0, 46268.0, 73195.0, 82288.0, 159365.0, 61473.0, 978764.0, 91344.0]",661
"[120710.0, 796307.0, 179098.0, 265666.0, 490084.0, 1655460.0, 101523.0, 186726.0, 1164999.0, 54866.0]",662
"[416508.0, 475984.0, 265666.0, 1186369.0, 120710.0, 97100.0, 210382.0, 828154.0, 796307.0, 101523.0]",663
"[87688.0, 70608.0, 179098.0, 398017.0, 42832.0, 359013.0, 100200.0, 250305.0, 290538.0, 46268.0]",664
"[68817.0, 1001526.0, 82288.0, 86190.0, 70608.0, 80907.0, 373283.0, 265666.0, 2562232.0, 159365.0]",665
"[227005.0, 46268.0, 73195.0, 2562232.0, 90022.0, 1758795.0, 354575.0, 307479.0, 1796406.0, 2866360.0]",666
"[210616.0, 3605164.0, 828154.0, 416508.0, 210382.0, 46268.0, 354575.0, 978764.0, 95652.0, 62376.0]",667
"[416508.0, 265666.0, 475984.0, 1186369.0, 383010.0, 62824.0, 796307.0, 80907.0, 105128.0, 179098.0]",668
"[1001526.0, 50861.0, 227005.0, 120780.0, 70608.0, 1796406.0, 68817.0, 62376.0, 210382.0, 39739.0]",669
"[80907.0, 327437.0, 68817.0, 250305.0, 290538.0, 28315.0, 210382.0, 475984.0, 62824.0, 1748227.0]",670
"[141369.0, 250305.0, 290538.0, 860906.0, 82288.0, 70608.0, 91344.0, 475984.0, 327437.0, 62376.0]",671
